sequence_id	v_call	j_call	c_call	junction
0	IGHV4-39*01	IGHJ4*02	IGHM	TGTGCGAGCCAATATAGCAGCTCGTCGTCGGCCCACTTTGACTACTGG
7	IGHV4-39*01	IGHJ4*02	IGHA1	TGTGCGAGACATGAGGCAGACAATTTGGTGGCTACTCTTTCTGCTGACCACTGG
3	IGHV4-39*07	IGHJ6*02	IGHA1	TGTGCGAGATTGCGACTTGAGCAATGTAGTAGTCACAGATGTTATCGCCCTACGGTCGGGGACGTCTGG
6	IGHV4-39*01	IGHJ4*02	IGHA1	TGTGCGACAATTGGGGTTCGGGGAGTTCCCGTCCGTACTGGAGTTGACTCCTGG
10	IGHV3-23*01	IGHJ4*02	IGHM	TGTGTGCGTCGTCTAACAGGAACTGGCGCCTTTGACTACTGG
1	IGHV4-39*07	IGHJ6*01	IGHG1	TGTGTGAGAGATGCCTCCAAAGAGGCTATGGGCGTCTGG
12	IGHV1-18*01	IGHJ4*02	IGHA1	TGTGCGAGAGTTCCCGCACCCGTCTTCTTTAGCAGTGGCTGGTATTTTGACTTCTGG
11	IGHV4-30-4*09	IGHJ6*03	IGHA1	TGTGCGAGAGCCGGATTTTGTTCAACTGCCAGTTGCCACCTGGATCACTACTACCACATGGACGTCTGG
9	IGHV3-21*02	IGHJ6*03	IGHA1	TGTGTGAGGGGAAAATACCAGATGGTGAAGTCTGTGTACTACTACTACATGGACGTCTGG
2	IGHV4-39*01	IGHJ4*02	IGHG1	TGTGCGAGCCTTAGATCTTATCTCCACTACTTTGACTACTGG
8	IGHV3-13*01	IGHJ2*01	IGHA1	TGTGCAAGAGAAGGATATAGTAGCAACTGGGATAATTGGTACTTCGATCTCTGG
17	IGHV1-18*01	IGHJ4*02	IGHA1	TGTGCGAGACGTCCAACAGAGTATTACTATGATGGAAGTGGATATTACCCCTATGAATACTGG
31	IGHV4-39*07	IGHJ5*02	IGHA1	TGTGCGAGAGACCCTACTATTGCAGTAGTACAAGCTGAGCGCAACTGGTTCGACCCCTGG
29	IGHV3-7*01	IGHJ4*02	IGHA1	TGTGCGAAAAGTGGGGGCTCCTTGTGG
30	IGHV4-30-2*01	IGHJ5*02	IGHA1	TGTGCCAAAAGAGAGCGGAGGGAAGAGGGGTTCGACCCCTGG
5	IGHV1-18*01	IGHJ4*02	IGHG1	TGTGCGAGAGATCACACGGAGACTACCTATTTTGACTACTGG
23	IGHV3-23*01	IGHJ5*02	IGHA1	TGTGCGAAAGGGGACTGGGGTGGGTTCGACCCCTGG
24	IGHV3-53*01	IGHJ2*01	IGHA1	TGTGCGAGAGATCGAAGTAGTAGTGGGTACTCAAAACACTGGCACTTCGATCTCTGG
20	IGHV3-13*01	IGHJ3*01	IGHA1	TGTGTTAGAGAGATTATGCGTACGAACTTCTTTGATGCTTTTGATCTCTGG
34	IGHV4-30-2*01	IGHJ4*02	IGHA1	TGTGTCAGAGGGGGAGGTCATTACGATTATCCGGGAAGTTATTATGTTTTGCATCTCTGG
14	IGHV3-74*01	IGHJ6*03	IGHA1	TGTGCAAGGCGGGAACGTATTATGATTACGTTTGGGGGAGTTATCGGACAATACTACTACTACATGGACGTCTGG
22	IGHV4-39*01	IGHJ6*03	IGHA1	TGTGCGCGACAGACAGGTGTGACGGTTTTTGGAGTGGTCCCTTATTACATGGACGTCTGG
33	IGHV4-30-2*01	IGHJ4*02	IGHA1	TGTGCCCGCCTCGTCCGGTCGGGTTCGGCCTATTATACTGACCAGTGG
26	IGHV4-34*01	IGHJ6*03	IGHA1	TGTACGAGAGATTACTATGATAGTAGTGGTTATTATACAGGCATTCGCTATTATTACATGGACGTCTGG
39	IGHV3-13*01	IGHJ2*01	IGHA1	TGTGTAAGAGAAGGCCTTAGCAGCAACTGGGACGACTGGTACTTCGATCTCTGG
46	IGHV4-30-2*01	IGHJ3*01	IGHA1	TGTGCCAGAGTCGAGTCCCGTCTTTTAAGAGGGGCTTTTGATGTCTGG
25	IGHV3-7*01	IGHJ6*02	IGHA1	TGTGCGAAAGAAGCGAGCTGGAACTTCGGAAGTGACTACTACTACTATGGTATGGACGTCTGG
54	IGHV1-3*01	IGHJ5*02	IGHA1	TGTGCAAGAGGCGGAATACCGCTATGGCGTTCCTGG
28	IGHV3-23*01	IGHJ4*02	IGHA1	TGTGCACACAGTCTCAACCTGGGAAGCAGAGGCTATGACTACTGG
13	IGHV4-30-2*01	IGHJ4*02	IGHG1	TGTGCCAGAGCCGGAAGAGATCGTCCCTTTGACTCCTGG
15	IGHV4-34*02	IGHJ5*02	IGHG1	TGTGCGAGAAGGGCTCGGACATTCGGGGAGTTATTGGGGTGGTTCGACCTCTGG
57	IGHV3-23*01	IGHJ5*02	IGHA1	TGTGCGAGATTTCGAGTCAATTTACAATCGGCCATGGGCTCCTGG
18	IGHV4-30-2*06	IGHJ6*03	IGHG1	TGTGCCAGAGGATTGACTCCACATTGTAGAGGTACCAGTTGCTATGTCATGGACGTCTGG
43	IGHV3-23*01	IGHJ4*02	IGHA1	TGTGTAAAAATGAGACCAAATTTACAGGGGGCCTTTGACTCCTGG
52	IGHV3-74*01	IGHJ4*02	IGHA1	TGTCTTGCAAGTGGCGTTGCGGGGGCACTC
55	IGHV3-30-3*01	IGHJ6*03	IGHM	TGTGCGAGAGATCACAAAGTGGGAGCTACTTGGTACTACTACATGGACGTCTGG
38	IGHV3-23*01	IGHJ4*02	IGHA1	TGTGTAAAAATGAGACCAAATTTACAGGGGGCCTTTGACTCCTGG
41	IGHV1-2*04	IGHJ3*01	IGHA1	TGTGTACGATGCCCGGGAAAAGGACACTATGATAACTATTTTGATTTTTGG
50	IGHV3-13*01	IGHJ2*01	IGHA1	TGTGCAAGAGAAGCGGCCAGTGGAAACTGGAACGACTGGTACTTCGATCTCTGG
44	IGHV1-3*01	IGHJ4*02	IGHA1	TGTGCGACCGAGCTGATAAAATTCTATAATAATAGTGGGCTTTACGCAAAAGACTATTGG
51	IGHV3-30-5*03	IGHJ4*02	IGHA1	TGTGCGAGAAATGTCGACGATTACGTCTGGGGGAGTGATAGTTACTGG
64	IGHV3-21*02	IGHJ6*03	IGHA1	TGTGTGAGGGGAAAATACCAGATGGTGAAGTCTGTGTACTACTACTACATGGACGTCTGG
48	IGHV3-21*06	IGHJ6*03	IGHA1	TGTACGAGGGCGACTCATCAGATGGTGAAGTCTGTCTATTACTACTACATGGACGTCTGG
32	IGHV4-30-2*06	IGHJ6*03	IGHG1	TGTGTCAGAGGATTGACTTCACATTGTAGAGGGACCAGTTGCTATGTCATGGACGTCTGG
49	IGHV3-7*01	IGHJ6*02	IGHA1	TGTGCGAGAGATGGAGTACTGGACACAGCCAGGGGCAACTACCACTATTACGGCATGGACGTCTGG
58	IGHV3-30*18	IGHJ4*02	IGHA1	TGTGCGAACGGGGAGGGTTATTACAGTAACTACGTAGATGCCTATTGG
63	IGHV3-15*07	IGHJ4*02	IGHA1	TGTGCCACAGAATCTGGGCTCGAGTTCAGTGCTACTTTCTCCTCTGACTGGTGG
56	IGHV3-23*04	IGHJ4*01	IGHA1	TGTGCGAAAGAAGGCACGATGATTCGGGGAGTTCTTCAGGCCGACCCTAAATTTGACAACTGG
45	IGHV3-30-3*01	IGHJ3*02	IGHA1	TGTGCGAGGGGTGATAGGGGACCAGTGGCTGGTCCCTGGGATGCTTTTGATATGTGG
73	IGHV3-48*02	IGHJ4*02	IGHA1	TGTGTGAGAGTTGACGTCAGTGACTGGTCCTTAAGTATTGACTTGTGG
4	IGHV3-53*01	IGHJ4*02	IGHA1	TGTATCAGAGGAATACCTTGGGGGGTAGGTGAGACAACGAACTGG
16	IGHV3-23*01	IGHJ4*02	IGHG1	TGTGCGCACAGTCTGAACCTCGGAAATAAAGGGTATGATTCTTGG
21	IGHV3-53*04	IGHJ6*02	IGHG1	TGTGCGAGAGACCAAGAGATCTACGGATTGGACGTCTGG
62	IGHV4-34*01	IGHJ6*03	IGHA1	TGTGCGAGAGATTATTATGATACTAGTGGTTATTATAGAGGCATCCGCTATTACTACATGGACGTCTGG
80	IGHV4-30-2*01	IGHJ4*02	IGHA1	TGTGCCAGAATTCCGTTTCGGACAGTGCCGTATTTTGACTACTGG
75	IGHV3-30*18	IGHJ6*03	IGHA1	TGTGCGAAAGAGCTGCACAGCTATGGTTACTCCTACTATTACTACTACATGGACGTCTGG
36	IGHV4-34*01	IGHJ5*02	IGHG1	TGTGGGAGAGGTCGGAGAAGATTCGGGGACTTACGAGAAGTCCCCCTTGACGCCTGG
71	IGHV3-30*04	IGHJ6*02	IGHA1	TGTGCGAGAGGCCTCGGGTTCCGTTATTTTGATAGTAGTGGCAACGCGGGCTACTACTACGGTTTCGACGTCTGG
19	IGHV3-7*03	IGHJ4*02	IGHG1	TGTGCGAGGGGGCGGAAAGTTGTGACTGTGCCAGATGCAAGTCCCGCCGCCGACTTTGACTCCTGG
72	IGHV3-30*04	IGHJ4*02	IGHA1	TGTGCGAGAGATGGTGTGGATAGCAGTGGCCAATATTACATTGACTTCTGG
61	IGHV3-30*02	IGHJ2*01	IGHA1	TGTGCGAAGGATCGACTGGCGACTGCGGTCACAGCGTTCGATCTCTGG
27	IGHV3-66*01	IGHJ4*02	IGHG1	TGTGGGAGGGAGACAGTTGCGGGATTCAGCTATGGTTCCAAGTGG
77	IGHV3-30*18	IGHJ6*03	IGHA1	TGTGCGAAGGGGACATTCAAATTTTTGACCGGCTTACGCCCTCGCTACCAATACTACCATATGGACGTCTGG
35	IGHV3-23*04	IGHJ4*02	IGHG1	TGTGCGAAACCAGGCAGTTCGTCCCACCAACGATTTGATTCTTGG
40	IGHV3-13*01	IGHJ4*02	IGHG1	TGTGCAAGAGAAGTGCGGTTTTGTGGTGGAAGTTACCTTTGTTACTATGACTATTTG
74	IGHV3-21*02	IGHJ4*02	IGHA1	TGTGCGAGAGATTTGACGTATTACGATTCTTGGAGTGGTTATGTACCCCCGCATGATCTCGACTACTGG
47	IGHV4-59*01	IGHJ3*01	IGHG1	TGTGCGCGACTTCTCCAGGGAGTCGGTTTTGATTTCTGG
68	IGHV1-69*06	IGHJ6*03	IGHG1	TGTGCGAGAGGCCCTATGGCCGACTACTACTATATGGACGTCTGG
37	IGHV3-23*01	IGHJ4*02	IGHG1	TGTGCGCACAGTCTGAACCTCGGAAATAAAGGGTATGATTCTTGG
42	IGHV3-23*01	IGHJ4*02	IGHG1	TGTGCGAAAGTTTCTGTTAATCTTGGGCAGCTCGTCTTTGACTCCTGG
65	IGHV4-30-2*01	IGHJ4*02	IGHG1	TGTGCCAGAGTCGACACCTCTCATGAAAATAGTGGTCCACTTGACTACTGG
85	IGHV4-4*02	IGHJ4*02	IGHA1	TGTGCGAGATTGAGGGGCGACTTTCATGATAGTAGGGACTACAGCTTTGACCACTGG
81	IGHV3-23*01	IGHJ4*02	IGHA1	TGTGTGAAAGATTTTAGGGACGTCCCATATTACTTTGACTACTGG
69	IGHV3-15*07	IGHJ4*02	IGHG1	TGTATCACAGAGGTGGCTGGGAGCTACTCCTACTGG
88	IGHV4-4*07	IGHJ6*02	IGHA1	TGCGCGAGTAGCCTTTATTCCTTTGATAGTGATGGTGAAACTACCTCGTTCGGTATGCACGTCTGG
59	IGHV3-64D*06	IGHJ4*02	IGHG1	TGTGTTGCGGGGAGTTCGAGATCCAGGCCTATTAGCGACTACTGG
60	IGHV3-23*01	IGHJ4*02	IGHG1	TGTGTGCAAGGTCGTGATGAGGGCGAAACTTTGGCCCTAATTGACTTCTCG
79	IGHV3-30*04	IGHJ6*02	IGHA1	TGTGCGAGAGAAGGCAACTACCCAAAGGGGGACTACGGTATGGACGTCTGG
86	IGHV3-11*01	IGHJ4*02	IGHA1	TGTGCGAGAGCTCGCGGAATAGTGGGAGCTACCCACATTGACTACTGG
90	IGHV3-30-3*01	IGHJ1*01	IGHA1	TGTGCGCGAGAAATCACTAATGGCGCCTTCTTCCCTTGG
99	IGHV3-30*18	IGHJ6*03	IGHA1	TGTGCGAAGGGGACATTCAAATTTTTGACCGGCTTACGCCCTCGCTACCAATACTACCATATGGACGTCTGG
78	IGHV1-46*01	IGHJ4*02	IGHG1	TGTGCGAGAGACTCCGGTGGAGTAGTTGTTTGGAATCGGGTGGACCACTGG
53	IGHV3-23*01	IGHJ4*02	IGHG1	TGTGCTTCGGACGTACTCTGGTTCGGGAGAAAGCCTGCCTACTGG
76	IGHV3-9*01	IGHJ4*02	IGHG1	TGTGTGAGGGATTTCAACGAGGGAGCTCTTCTCGCATATTACTTTGACTACTGG
89	IGHV4-38-2*02	IGHJ5*02	IGHA1	TGTGGGAGTAACTACAATGACTACGGCGCCCTCGACCCCTGG
70	IGHV3-23*01	IGHJ4*02	IGHG1	TGTGCGAAAGAGGTTACCAAGACCACTCTGCAGCAGGAGCGAGGGGCCTTTGACTCCTGG
92	IGHV3-21*02	IGHJ5*02	IGHA1	TGTGTGAGAGATCTCAGGGAGTGGTACCTATGGAAACTTGAGACCTGG
82	IGHV3-49*04	IGHJ4*02	IGHG1	TGTACTCGAGAAGCCCACATCAATGGATGGCACGGGGGTCTGAATGACTTCTGG
67	IGHV3-30*02	IGHJ6*02	IGHG1	TGTGCGAAAGACCTTTTTTATGGCTACACAGAAATCTATTACGGTATGGACGACTGG
83	IGHV3-9*01	IGHJ5*01	IGHG1	TGTGCAAAAGACAGTAGGGCCCCACCAGACTACGGTGACCACGGTGCGTTGGACTCCTGG
96	IGHV3-64D*06	IGHJ6*03	IGHA1	TGTGTGAAACTCACCCCGGGGGGGATTACGATTTTTGGAGCCATTAGGCCGGACGTCTGG
103	IGHV4-59*01	IGHJ3*02	IGHA1	TGTGTGAGAATTGGCGGGTATAGCAGTGGCTGGTATTTTGCTTTTGATATCTGG
98	IGHV3-30-5*03	IGHJ6*02	IGHA1	TGTGCGAGAGCCCACGATATTTTGAATGGGTATCCATACGGTATGGACGTCTGG
94	IGHV3-20*04	IGHJ6*03	IGHA1	TGTGCGAGAGACCATCATCATGGCTACCCTTTTTCGGACGTCTGG
93	IGHV1-46*01	IGHJ6*03	IGHA1	TGTGCGAGAGATTCGAATCGTATTTCCTTCAGGGCATTAGTCATGGACGTCTGG
84	IGHV3-15*07	IGHJ4*02	IGHG1	TGTACCACGGATGTGGCTCTTCCAACGAACTGGGGATATCACGCTTTTGACCACTGG
102	IGHV3-72*01	IGHJ4*02	IGHA1	TGTGCTAGGGGATACCGATCATTTGACTCCTGG
91	IGHV5-51*01	IGHJ4*02	IGHA1	TGTGCGAGACAGCTTCACGGTGACTACCAGGGGTCCTTTGACTCCTGG
66	IGHV4-30-2*01	IGHJ3*02	IGHG1	TGTGCCAGAGTGGGGGGAAGGATTACCGGTCCTTTTGATATCTGG
87	IGHV3-30*18	IGHJ6*03	IGHG1	TGTGCGAAGGGGACATACAAATTTTTGACCGGCTTACGCCCTCGCTATCAATATTACCATTTGGACGTCTGG
105	IGHV4-30-2*01	IGHJ6*03	IGHA1	TGTGCCAGAGGCCTCGTTCAAAATTGTGCTGGCACCAATTGTTATGTCATGGACGTCTGG
97	IGHV2-70*01	IGHJ5*02	IGHG1	TGTGCACGGACGCCTAATTGTATGGCAGCGGCCGCAAAGGGGGGCTGGTTCGACCCCTGG
95	IGHV1-69*12	IGHJ4*02	IGHG1	TGTGCGAGAGCTTACGAGGTTATGATTGGTCCGCCGGGTCTAGGGCCCCTTGGCTACTGG
108	IGHV4-39*01	IGHJ5*02	IGHA1	TGTGCGAGACATGTTGACTACAGTAACTGGGGGGGAGCTAACTGGTTCGACCCCTGG
100	IGHV2-70*01	IGHJ5*02	IGHG1	TGTGCACGGACGCCGAATTGTATAGCAGCGGCCGCAAAGGGGGGCTGGTTCGACCCCTGG
109	IGHV3-15*07	IGHJ4*02	IGHA1	TGTGTTGCAGAGCCGCCTCCAGGGGATATAGTTATGGGATGGGCTGACTTCTGG
104	IGHV2-70*01	IGHJ5*02	IGHG1	TGTGCACGGACGCCTAATTGTATAGCAGCGGCCGCAAAGGGGGGCTGGTTCGACCCCTGG
101	IGHV3-30*15	IGHJ3*02	IGHG1	TGTGCGAGAGAGTATAGTGGGAGTTACTCTCGATCGGATTCTTTTGACATCTGG
106	IGHV2-70*01	IGHJ5*02	IGHG1	TGTGCACGGACGCCGGATTGTGTAGCAGCGGCCGCAAAGGGGGGCTGGTTCGACCCCTGG
114	IGHV4-39*07	IGHJ4*02	IGHA1	TGTGCGAGAGGCAGAAAGGGTGGCAGTGACTGGTATGAGTGGGACTCCTGG
112	IGHV3-30*18	IGHJ6*03	IGHA1	TGTGCGAAGGGGACATTCAAATTTTTGACCGGCTTACGCCCTCGCTACCAATACTACCATATGGACGTCTGG
118	IGHV4-61*08	IGHJ4*02	IGHM	TGTGCGAGAACGGACGGGCACTACGATAATAAATTCTTTGACTATTGG
110	IGHV4-4*02	IGHJ5*02	IGHG1	TGTGCGAGAAATTTTTGCAGTAATACTCTGTGTTGCGACCAGTGG
107	IGHV2-70*01	IGHJ5*02	IGHG1	TGTGCACGGACGCCGAATTGTATGGCAGCGGCCGCAAAGGGGGGCTGGTTCGACCCCTGG
115	IGHV1-2*02	IGHJ5*02	IGHM	TGTGCGAGAGAGGGAGATTGTACTAATGATGTATGCCATAACTGGTTCGACCCCTGG
119	IGHV6-1*01	IGHJ4*02	IGHM	TGTGCAAGAGAGATAGGGAGTTCACTACCATACTTTGACTACTGG
116	IGHV4-4*07	IGHJ3*02	IGHM	TGTGCGAGAGGACTGGGACGTGCTACTTTCGAAACTTTTGATATCTGG
145	IGHV3-73*01	IGHJ5*02	IGHM	TGTACTAGACCTACTGGAGATAGCAGCACTAACTGGTTCGACCCCTGG
122	IGHV3-23*04	IGHJ3*02	IGHM	TGTGCGAAAGATCGTGCGAGCTACCATTTTGCGGATGATGCTTTTGATATCTGG
131	IGHV4-39*07	IGHJ5*02	IGHM	TGTGCGAGAGATCCCCAGTCAGTGGGAGCTACTCCCTGGTTCGACCCCTGG
113	IGHV3-21*02	IGHJ6*03	IGHG1	TGTGCGAGTTCTGCATACTGTAGTGGTGACTGTTATCCTGGTATACTGGACGTCTGG
125	IGHV3-66*01	IGHJ4*02	IGHA1	TGTACGAGAGACGCTCTAGCAGTGGGTAGATTCGGCTTTTTTGACTACTGG
138	IGHV4-59*01	IGHJ4*02	IGHM	TGTGCGAGAGGCAAGGGGGGGGACTTTGACTTCTGG
126	IGHV5-51*01	IGHJ4*02	IGHA1	TGTGCGAGACAGCTTCACGGTGACTACCAGGGGTCCTTTGACTCCTGG
141	IGHV3-30*18	IGHJ4*02	IGHM	TGTGCGAAAGATAATCGGGGGGGATATTGTAGTGGTGGTAGCTGCTTAGGTTCGGCCCTTGACTACTGG
121	IGHV3-72*01	IGHJ4*02	IGHA1	TGTGCTAAAGATCTCTCATTCAATACGGTGACTAATTCTCTAACTTATTGG
137	IGHV4-4*02	IGHJ4*02	IGHM	TGTGCGAGATCACGCCGTAGTAGTACCAGCCTGATTGATATTTTTGACTACTGG
144	IGHV3-23*01	IGHJ4*02	IGHM	TGTGCGAAAGCCTCCGGCGGGGGAGGTGGGAGCCCCATCCGAGCCGTTGACTACTGG
205	IGHV4-39*07	IGHJ4*02	IGHM	TGTGCGAGGGACACCATTAATAGCAGTGGCTGGGCTACTGACTACTGG
148	IGHV3-23*01	IGHJ4*02	IGHM	TGTGCGAAAGCGGGGCCCTACTACTTTGACTACTGG
149	IGHV3-7*03	IGHJ6*03	IGHM	TGTGCGAGAGAGGGTAGGCGCAGTGGCTATTACGGGACGGCCTACTACGACTACTACATGGACGTCTGG
255	IGHV1-46*01	IGHJ4*02	IGHA1	TGTGCGAGAGAACTCCCCAGTAATCTTAACTTTGATTACTGG
340	IGHV4-39*01	IGHJ4*02	IGHA1	TGTGCGAGACATGAGGCAGACAATTTGGTGGCTACTCTTTCTGCTGACCACTGG
273	IGHV4-61*12	IGHJ2*01	IGHM	TGTGCGAGACAGCTTTACAACTGGAAGGACAACGTCTTCTGGAACTTCGATCTCTGG
193	IGHV4-39*07	IGHJ5*02	IGHA1	TGTGCGAGAGACCCTACTATTGCAGTAGTACAAGCTGAGCGCAACTGGTTCGACCCCTGG
215	IGHV4-39*07	IGHJ4*02	IGHM	TGTGCGAGATACATCAGGAACAGTAGAGATGGACACAATACGTTCTACTTTGACACCTGG
155	IGHV4-39*01	IGHJ6*03	IGHA1	TGTGCGCGACAGACAGGTGTGACGGTTTTTGGAGTGGTCCCTTATTACATGGACGTCTGG
327	IGHV4-59*01	IGHJ6*02	IGHM	TGTGCGAGAGACCCCTCTACGGTGACTTCCTACGGTCTGGACGTCTGG
497	IGHV4-4*02	IGHJ4*02	IGHA1	TGTGCGAGATTGAGGGGCGACTTTCATGATAGTAGGGACTACAGCTTTGACCACTGG
164	IGHV3-21*06	IGHJ6*03	IGHA1	TGTGTGAGGGGAAAATACCAGATGGTGAAGTCTGTGTACTACTACTACATGGACGTCTGG
382	IGHV3-23*01	IGHJ4*02	IGHM	TGTGCGAAAGGTCGGGAAACCTCAGTGATCATAGATGCTATGCGCGGACTAGTTGACTATTGG
135	IGHV1-24*01	IGHJ2*01	IGHM	TGTGCAACAGTCCACTGTGGTGGTGACTGCTACAACTGGTACTTCGATCTCTGG
239	IGHV1-3*01	IGHJ4*02	IGHA1	TGTGCGACCGAGCTGATAAAATTCTATAATAATAGTGGGCTTTACGCAAAAGACTATTGG
154	IGHV5-51*01	IGHJ4*02	IGHA1	TGTGCGAGACAGCTTCACGGTGACTACCAGGGGTCCTTTGACTCCTGG
123	IGHV3-15*07	IGHJ4*02	IGHG1	TGTACCACAGGATGGTTTTACGATATTTTGAGTGGATATAGATTGGTGGACTATTGG
337	IGHV4-30-2*01	IGHJ3*01	IGHA1	TGTGCCAGAGTCGAGTCCCGTCTTTTAAGAGGGGCTTTTGATGTCTGG
506	IGHV3-9*01	IGHJ5*02	IGHM	TGTGCAAAAGATAATGATCTTCAGGGGGAGATTTATGCTTCGGGGAGTTACCCCCTTTTTGCCTGG
516	IGHV4-4*07	IGHJ6*02	IGHA1	TGCGCGAGTAGCCTTTATTCCTTTGATAGTGATGGTGAAACTACCTCGTTCGGTATGCACGTCTGG
402	IGHV5-51*01	IGHJ3*01	IGHM	TGTGCGAGAGGGGAGTCGGGTAGGATACAGCTATGGCTTTCTTTCTGG
442	IGHV3-53*01	IGHJ6*03	IGHM	TGCTTAAGGGGGCCTTACTACTACTACATGGACGTCTGG
280	IGHV1-69*06	IGHJ4*02	IGHM	TGTGCGAGAGATCCCTATGGTTCGAGCCTTGACTACTGG
132	IGHV4-39*01	IGHJ4*02	IGHG1	TGTGCGAGACTCTTCGGCCGGGACTTCTGG
146	IGHV3-15*01	IGHJ5*02	IGHA1	TGTACCACGGGGGGCGAGGGGCTGCAATTCTGGCGGGAGTGTTACCACTGG
481	IGHV3-48*02	IGHJ4*02	IGHM	TGTGCGAGAGAAAAATGGGGGGCTACGGCCGTTGACTACTGG
251	IGHV3-11*01	IGHJ4*02	IGHA1	TGTGCGACATTAGTCCGTGGATACAGCTTTGAAGGCGTCATTGAATCCTGG
111	IGHV3-30*02	IGHJ3*02	IGHG1	TGTGCACTGGACGATTATCACGTCACTGGTGGCTATGGCGGCGGGGCTCTTGATATTTGG
477	IGHV3-23*01	IGHJ5*02	IGHA1	TGTGCGAGATTTCGAGTCAATTTACAATCGGCCATGGGCTCCTGG
416	IGHV3-15*07	IGHJ4*02	IGHA1	TGTGCCACAGAATCTGGGCTCGAGTTCAGTGCTACTTTCTCCTCTGACTGGTGG
139	IGHV1-46*01	IGHJ4*02	IGHG1	TGTGCGAGATCCACAAAGGCATTACTATGGTTCGGGGAGTTACCCCACACTTTTGACTACTGG
133	IGHV4-39*01	IGHJ4*02	IGHM	TGTGCGACGGGTAACAACGCCTGGTACGCCGTTGGTGACTATTGG
475	IGHV3-23*01	IGHJ5*02	IGHA1	TGTGCGAGATTTCGAGTCAATTTACAATCGGCCATGGGCTCCTGG
224	IGHV1-18*01	IGHJ4*02	IGHA1	TGTGCGAGACGTCCAACAGAGTATTACTATGATGGAAGTGGATATTACCCCTATGAATACTGG
427	IGHV3-7*03	IGHJ4*02	IGHA1	TGTGCGAGACTATCTTGTACTAGTTACTGCTACTCGGCCTTTGACAACTGG
253	IGHV3-30*03	IGHJ4*02	IGHA1	TGTGCGAGATGCAGTCCGGGGGAAAGTTGCTTCTTTGACCACTGG
236	IGHV1-3*01	IGHJ5*02	IGHA1	TGTGCAAGAGGCGGAATACCGCTATGGCGTTCCTGG
306	IGHV4-34*01	IGHJ6*03	IGHA1	TGTGCGAGAGATTATTATGATACTAGTGGTTATTATAGAGGCATCCGCTATTACTACATGGACGTCTGG
140	IGHV1-69*01	IGHJ5*02	IGHG1	TGTGCGAAAGAGGAAAGTGGGAGCTACTATGGGGAACCCTGGTTCGGCCCCTGG
157	IGHV3-15*07	IGHJ4*02	IGHA1	TGTGCCACAGAATCTGGGCTCGAGTTCAGTGCTACTTTCTCCTCTGACTGGTGG
117	IGHV4-59*01	IGHJ4*02	IGHM	TGTGCGAGAGGCCTTCGCGATAGTAACTCGGTGGGATTTGACTACTGG
284	IGHV3-30-5*03	IGHJ4*02	IGHA1	TGTGCGAGAAATGTCGACGATTACGTCTGGGGGAGTGATAGTTACTTG
256	IGHV3-30*18	IGHJ6*03	IGHA1	TGTGCGAAGGGGACATTCAAATTTTTGACCGGCTTACGCCCTCGCTACCAATACTACCATATGGACGTCTGG
303	IGHV1-46*01	IGHJ4*02	IGHA1	TGTGTGAGAGAGGCACCTAAGTCTTTTAAGTTTGACTACTGG
342	IGHV4-38-2*02	IGHJ5*02	IGHA1	TGTGGGAGTAACTACAATGACTACGGCGCCCTCGACCCCTGG
412	IGHV3-13*01	IGHJ2*01	IGHA1	TGTGCAAGAGAGGCGACAATTGGGAGCAACTGGGATGACTGGTACTTCGATCTCTGG
283	IGHV3-30-5*03	IGHJ4*02	IGHA1	TGTGCGAGAAATGTCGACGATTACGTCTGGGGGAGTGATAGTTACTGG
147	IGHV3-15*07	IGHJ4*02	IGHM	TGTACCACAGGCCCCTATTATGATTCCGTTTGGGGGAGTTATCGTCTTGCCTACTGG
479	IGHV3-7*01	IGHJ6*02	IGHA1	TGTGCGAAAGAAGCGAGCTGGAACTTCGGAAGTGACTACTACTACTATGGTATGGACGTCTGG
234	IGHV3-30*04	IGHJ6*02	IGHA1	TGTGCGAGAGGCCTCGGGTTCCGTTATTTTGATAGTAGTGGCAACGCGGGCTACTACTACGGTTTCGACGTCTGG
295	IGHV3-30*18	IGHJ4*02	IGHM	TGTGCGAAAGTGGGGGACCCCTATGGTTCGGGGATTTACTACTTTGACTACTGG
143	IGHV3-30*18	IGHJ6*03	IGHG1	TGTGCGAAGGGGACATACAAATTTTTGACCGGCTTACGCCCTCGCTATCAATATTACCATTTGGACGTCTGG
305	IGHV4-34*01	IGHJ6*03	IGHA1	TGTGCGAGAGATTATTATGATACTAGTGGTTATTATAGAGGCATCCGCTATTACTACATGGACGTCTGG
231	IGHV3-30*04	IGHJ6*02	IGHA1	TGTGCGAGAGGCCTCGGGTTCCGTTATTTTGATAGTAGTGGCAACGCGGGCTACTACTACGGTTTCGACGTCTGG
514	IGHV4-30-2*06	IGHJ6*03	IGHG1	TGTGCCAGAGGATTGACTCCACATTGTAGAGGTACCAGTTGCTATGTCATGGACGTCTGG
211	IGHV4-39*01	IGHJ4*02	IGHM	TGTGCGAGCCAATATGACTACTGG
298	IGHV3-33*01	IGHJ6*02	IGHA1	TGTACGAGAGGGGGATATAACCACTACTACTACGGTATGGACGTCTGG
203	IGHV4-39*07	IGHJ1*01	IGHM	TGTGCGAGACTGGGAGGAGGTTCTGCGCCTCTGTGG
474	IGHV3-23*01	IGHJ3*02	IGHA1	TGTGCGAAACGTAAAGAGACTGTCCGAGGTGCTTTTGATATCTGG
232	IGHV3-30*04	IGHJ6*02	IGHA1	TGTGCGAGAGGCCTCGGGTTCCGTTATTTTGATAGTAGTGGCAACGCGGGCTACTACTACGGTTTCGACGTCTGG
134	IGHV1-18*01	IGHJ4*02	IGHG1	TGTGCGAGAGATCACACGGAGACTACCTATTTTGACTACTGG
162	IGHV1-18*01	IGHJ4*02	IGHG1	TGTGCGAGAGATCACACGGAGACTACCTATTTTGACTACTGG
277	IGHV4-4*07	IGHJ6*02	IGHA1	CGCGCGAGTAGCCTTTATTCCTTTGATAGTGATGGTGAAACTACCTCGTTCGGTATGCACGTCTGG
183	IGHV4-30-2*06	IGHJ6*03	IGHG1	TGTGTCAGAGGATTGACTTCACATTGTAGAGGGACCAGTTGCTATGTCATGGACGTCTGG
249	IGHV3-30-3*01	IGHJ3*02	IGHA1	TGTGCGAGGGGTGATAGGGGACCAGTGGCTGGTCCCTGGGATGCTTTTGATATGTGG
312	IGHV4-34*01	IGHJ5*02	IGHG1	TGTGGGAGAGGTCGAAGAAGATTCGGGGACTTACGAGAAGTCCCCCTTGACGCCTGG
120	IGHV3-33*06	IGHJ4*02	IGHG1	TGTGCGAAAGACTTTCGGGGCGGGCCCTATTGG
447	IGHV3-23*04	IGHJ4*01	IGHA1	TGTGCGAAAGAAGGCACGATGATTCGGGGAGTTCTTCAGGCCGACCCTAAATTTGACAACTGG
170	IGHV4-30-2*01	IGHJ5*02	IGHA1	TGTGCCAAAAGAGAGCGGAGGGAAGAGGGGTTCGACCCCTGG
242	IGHV2-70*01	IGHJ5*02	IGHG1	TGTGCACGGACGCCTAATTGTATAGCAGCGGCCGCAAAGGGGGGCTGGTTCGACCCCTGG
409	IGHV3-72*01	IGHJ4*02	IGHM	TGTGCTAGAGGCTGTGGCGGCTACTGG
201	IGHV4-39*01	IGHJ4*02	IGHG1	TGTGCGAGCCTTAGATCTTATCTCCACTACTTTGACTACTGG
206	IGHV4-39*07	IGHJ6*02	IGHD	TGTGCGAGAGTTAGTGGGAGCTACTGGACCGGGTACTACTACTACGGTATGGACGTCTGG
345	IGHV3-9*01	IGHJ4*02	IGHG1	TGTGTGAGGGATTTCAACGAGGGAGCTCTTCTCGCATATTACTTTGACTACTGG
153	IGHV1-2*04	IGHJ3*01	IGHA1	TGTGTACGATGCCCGGGAAAAGGACACTATGATAACTATTTTGATTTTTGG
493	IGHV3-7*01	IGHJ4*02	IGHA1	TGTGCGAAAAGTGGGGGCTCCTTGTGG
319	IGHV4-34*02	IGHJ5*02	IGHG1	TGTGCGAGAAGGGCTCGGACATTCGGGGAGTTATTGGGGTGGTTCGACCTCTGG
351	IGHV3-7*03	IGHJ3*02	IGHM	TGTGCGAGACCCTATGATAGTAGTAGTCATCATACTTTTAATATTTGG
330	IGHV1-2*02	IGHJ6*02	IGHM	TGTGCGAGAGACTATATGGGTATAAGCGCATACTATTACTTCGGTATGGACGTCTGG
372	IGHV3-21*01	IGHJ4*02	IGHA1	TGTGCGAGAGATTTGACGTATTACGATTCTTGGAGTGGTTATGTACCCCCGCATGATCTCGACTACTGG
495	IGHV3-13*01	IGHJ2*01	IGHA1	TGTGCAAGAGAAGCGGCCAGTGGAAACTGGAACGACTGGTACTTCGATCTCTGG
387	IGHV3-23*01	IGHJ5*02	IGHD	TGTGTCAAAGATCAACCTGCCAGTGGCTGGTTTACCTGG
142	IGHV4-34*01	IGHJ5*02	IGHG1	TGTGGGAGAGGTCGGAGAAGATTCGGGGACTTACGAGAAGTCCCCCTTGACGCCTGG
405	IGHV3-7*03	IGHJ3*02	IGHM	TGTGCGAGACCCTATGATAGTAGTAGTCATCATACTTTTAATATTTGG
186	IGHV4-30-2*06	IGHJ6*03	IGHG1	TGTGTCAGAGGATTGACTTCACATTGTAGAGGGACCAGTTGCTATGTCATGGACGTCTGG
278	IGHV1-2*02	IGHJ5*02	IGHD	TGTGCGAAAGATACTCATAGCAGCAGTTACAACTGGTTCGACCCCTGG
360	IGHV3-48*03	IGHJ4*02	IGHM	TGTGCGATAACGGGAGGCGTGTCGTCCCCCCATGGACACTGG
318	IGHV4-34*02	IGHJ5*02	IGHG1	TGTGCGAGAAGGGCTCGGACATTCGGGGAGTTATTGGGGTGGTTCGACCTCTGG
307	IGHV4-34*01	IGHJ6*03	IGHA1	TGTGCGAGAGATTATTATGATACTAGTGGTTATTATAGAGGCATCCGCTATTACTACATGGACGTCTGG
178	IGHV4-30-2*01	IGHJ4*02	IGHA1	TGTGTCAGAGGGGGAGGTCATTACGATTATCCGGGAAGTTATTATGTTTTGCATCTCTGG
464	IGHV3-53*04	IGHJ6*02	IGHG1	TGTGCGAGAGACCAAGAGATCTACGGATTGGACGTCTGG
294	IGHV3-30*18	IGHJ4*02	IGHM	TGTGCGAAAGGGACAAATTGTGGTGGTGACTGCCTACCTATCGACTTTGACTACTGG
432	IGHV3-21*01	IGHJ6*03	IGHD	TGTGCGAGCCCCTGCCCAGGCTACTACTACTACTACATGGACGTCTGG
389	IGHV3-23*01	IGHJ4*02	IGHG1	TGTGCGAAAGTTTCTGTTAATCTTGGGCAGCTCGTCTTTGACTCCTGG
275	IGHV4-30-4*09	IGHJ6*03	IGHA1	TGTGCGAGAGATCGCATAGCTGGAGATACAGACTACTACGTGGACGTCTGG
403	IGHV5-51*01	IGHJ6*02	IGHA1	TGTGCGAGGAATGGAATAGGATGTTCTACTGATCGCTACTATACTAGTTGCTTCTACTTCGGTTTGGACGTCTGG
421	IGHV3-15*07	IGHJ4*02	IGHG1	TGTATCACAGAGGTGGCTGGGAGCTACTCCTACTGG
398	IGHV3-23*01	IGHJ6*03	IGHG1	TGTGCGAAAAGGGGGTCGTCGAACTACTTCTTGGACGTCTGG
324	IGHV1-2*02	IGHJ3*02	IGHA1	TGTGCGAGGGGGCCTAGTCACGGTGCTTTTGATATCTGG
167	IGHV3-30*18	IGHJ4*02	IGHA1	TGTGCGAACGGGGAGGGTTATTACAGTAACTACGTAGATGCCTATTGG
308	IGHV4-34*01	IGHJ6*03	IGHA1	TGTGCGAGAGATTATTATGATACTAGTGGTTATTATAGAGGCATCCGCTATTACTACATGGACGTCTGG
375	IGHV3-13*01	IGHJ4*02	IGHG1	TGTGCAAGAGAAGTGCGGTTTTGTGGTGGAAGTTACCTTTGTTACTATGACTATTTG
415	IGHV3-48*02	IGHJ4*02	IGHA1	TGTGTGAGAGTTGACGTCAGTGACTGGTCCTTAAGTATTGACTTGTGG
237	IGHV1-3*01	IGHJ5*02	IGHA1	TGTGCAAGAGGCGGAATACCGCTATGGCGTTCCTGG
223	IGHV1-18*01	IGHJ4*02	IGHA1	TGTGCGAGACGTCCAACAGAGTATTACTATGATGGAAGTGGATATTACCCCTATGAATACTGG
313	IGHV4-34*02	IGHJ5*02	IGHG1	TGTGCGAGAAGGGCTCGGACATTCGGGGAGTTATTGGGGTGGTTCGACCTCTGG
473	IGHV3-23*01	IGHJ6*02	IGHM	TGTGCGAAAGGAGGATATGGTTCTAGCGGCTACTTCTACGGTATGGACGTCTGG
263	IGHV3-30*18	IGHJ6*03	IGHA1	TGTGCGAAGGGGACATTCAAATTTTTGACCGGCTTACGCCCTAGCTACCAATACTACCATATGGACGTCTGG
194	IGHV4-39*07	IGHJ5*02	IGHA1	TGTGCGAGAGACCCTACTATTGCAGTAGTACAAGCTGAGCGCAACTGGTTCGACCCCTGG
404	IGHV3-7*03	IGHJ4*02	IGHA1	TGTGCGACAGGCTGGGCCTTTGACTCCTGG
428	IGHV3-13*01	IGHJ3*01	IGHA1	TGTGTTAGAGAGATTATGCGTACGTACTTCTTTGATGCTTTTGATCTCTGG
260	IGHV3-30*18	IGHJ6*03	IGHA1	TGTGCGAAGGGGACATTCAAATTTTTGACCGGCTTACGCCCTCGCTACCAATACTACCATATGGACGTCTGG
448	IGHV3-23*04	IGHJ4*01	IGHA1	TGTGCGAAAGAAGGCACGATGATTCGGGGAGTTCTTCAGGCCGACCCTAAATTTGACAACTGG
490	IGHV3-7*01	IGHJ6*02	IGHA1	TGTGCGAGAGATGGAGTACTGGACACAGCCAGGGGCAACTACCACTATTACGGCATGGACGTCTGG
418	IGHV3-15*07	IGHJ4*02	IGHA1	TGTGCCACAGAATCTGGGCTCGAGTTCAGTGCTACTTTCTCCTCTGACTGGTGG
507	IGHV3-15*07	IGHJ6*02	IGHA1	TGTACCACAGGTCTGCTCCAGCTGTGGTTACAACCGGGTTACAACTACTACGGTATGGACGTCTGG
504	IGHV3-23*01	IGHJ4*02	IGHG1	TGTGTGCAAGGTCGTGATGAGGGCGAAGCTTTGGCCCTAATTGACTTCTCG
166	IGHV4-30-2*01	IGHJ4*02	IGHA1	TGTGCCAGAATTCCGTTTCGGACAGTGCCGTATTTTGACTACTGG
301	IGHV3-30*18	IGHJ4*02	IGHA1	TGTACGAAGGCCCAAAATTGTGGTGTTGCGTGTTTTATCATAGACTACTGG
354	IGHV3-23*01	IGHJ4*02	IGHG1	TGTGCGCACAGTCTGAACCTCGGAAATAAAGTGTATGATTCTTGG
363	IGHV3-21*06	IGHJ6*03	IGHA1	TGTACGAGGGCGACTCATCAGATGGTGAAGTCTGTCTATTACTACTACATGGACGTCTGG
292	IGHV3-30*18	IGHJ4*02	IGHA1	TGTGCGAAAGATCGGACGGCGATTTTTGGAGCCGATTTTGACTACTGG
323	IGHV3-30*04	IGHJ6*02	IGHA1	TGTGCGAGAGAAGGCAACTACCCAAAGGGGGACTACGGTATGGACATCTGG
500	IGHV3-9*01	IGHJ5*01	IGHG1	TGTGCAAAAGACAGTAGGGCCCCACCAGACTACGGTGACCACGGTGCGTTGGACTCCTGG
336	IGHV3-30*02	IGHJ2*01	IGHA1	TGTGCGAAGGATCGACTGGCGACTGCGGTCACAGCGTTCGATCTCTGG
485	IGHV3-74*03	IGHJ4*02	IGHA1	TGTCTTGCAAGTGGCGTTGCGGGGGCACTC
152	IGHV3-21*02	IGHJ6*03	IGHA1	TGTGTGAGGGGAAAATACCAGATGGTGAAGTCTGTGTACTACTACTACATGGACGTCTGG
397	IGHV3-23*01	IGHJ4*02	IGHG1	TGTGCGAAAGTTTCTGTTAATCTTGGGCAGCTCGTCTTTGACTCCTGG
279	IGHV1-2*02	IGHJ4*02	IGHM	TGTGCGAGAGACACTGATTATTGG
400	IGHV3-15*07	IGHJ3*01	IGHM	TGTGCCACAGACGCGTGGGCCTATCGGAGGCAATATGCTTTTGATGTCTGG
195	IGHV4-39*01	IGHJ4*02	IGHA1	CCCGTCCGTACTGGAGTTGACTCCTGG
192	IGHV4-39*01	IGHJ6*03	IGHA1	TGTGCGCGACAGACAGGTGTGACGGTTTTTGGAGTGGTCCCTTATTACATGGACGTCTGG
335	IGHV3-30*02	IGHJ2*01	IGHA1	TGTGCGAAGGATCGACTGGCGACTGCGGTCACAGCGTTCGATCTCTGG
460	IGHV3-23*01	IGHJ4*02	IGHA1	TGTGCACACAGTCTCAACCTGGGAAGCAGAGGCTATGACTACTGG
274	IGHV4-61*12	IGHJ4*02	IGHM	TGTGCGAGGGGATTGGCAGCAGCTGAGGACTACTGG
287	IGHV3-11*01	IGHJ4*02	IGHA1	TGTGCGAGAGCTCGCGGAATAGTGGGAGCTACCCACATTGACTACTGG
433	IGHV3-23*04	IGHJ4*02	IGHG1	TGTGCGAAACCAGGCAGTTCGTCCCACCAACGATTTGATTCTTGG
462	IGHV3-23*01	IGHJ4*02	IGHA1	TGTGCACACAGTCTCAACCTGGGAAGCAGAGGCTATGACTACTGG
221	IGHV1-18*01	IGHJ4*02	IGHA1	TGTGCGCGAGCCGGGGGGAGGGGGGACCTTGGTTTTGAGGACTACTGG
264	IGHV3-30*18	IGHJ6*03	IGHA1	TGTGCGAAGGGGACATTCAAATTTTTGACCGGCTTACGACCTCGCTACCAATACTACCATATGGACGTCTGG
293	IGHV3-30-3*01	IGHJ4*02	IGHM	TGTGCGAGAGAGGGCGGCGCCTACGGTGTCTATGTTGACTTTGACTACTGG
488	IGHV3-23*01	IGHJ5*02	IGHA1	TGTGCGAAAGGGGACTGGGGTGGGTTCGACCCCTGG
334	IGHV3-30*02	IGHJ2*01	IGHA1	TGTGCGAAGGATCGACTGGCGACTGCGGTCACAGCGTTCGATCTCTGG
127	IGHV2-70*01	IGHJ5*02	IGHG1	TGTGCACGGACGCCTAATTGTATAGCAGCGGCCGCAAAGGGGGGCTGGTTCGACCCCTGG
304	IGHV4-34*01	IGHJ6*03	IGHA1	TGTGCGAGAGATTATTATGATACTAGTGGTTATTATAGAGGCATCCGCTATTACTACATGGACGTCTGG
364	IGHV3-23*04	IGHJ4*02	IGHA1	TGTGCGAAAGCCCCTGCCCCCTCTTGCAGTGGTCATTTCTGCTACGGGTTTGACTACTGG
174	IGHV4-30-2*01	IGHJ5*02	IGHA1	TGTGCCAAAAGAGAGCGGAGGGAAGAGGGGTTCGACCCCTGG
289	IGHV3-11*01	IGHJ4*02	IGHM	TGTGCGAGATCCTGGGATTTTCGTGGTAGTTCCTTACCGCCTGATTACTGG
515	IGHV3-30-3*01	IGHJ1*01	IGHA1	TGTGCGCGAGAAATCACTAATGGCGCCTTCTTCCCTTGG
299	IGHV3-30-5*03	IGHJ6*02	IGHA1	TGTGCGAGAGCCCACGATATTTTGAATGGGTATCCATACGGTATGGACGTCTGG
187	IGHV4-30-2*01	IGHJ2*01	IGHA1	TGTGCCAGACTATCCCTGGGGTCCTTCCGGTACTTCGATCTCTGG
361	IGHV3-21*06	IGHJ6*03	IGHA1	TGTACGAGGGCGACTCATCAGATGGTGAAGTCTGTCTATTACTACTACATGGACGTCTGG
445	IGHV3-74*01	IGHJ4*02	IGHA1	TGTGGAAGGGGCGGGGTACCGGGAGCACAGGACTACTGG
235	IGHV1-3*01	IGHJ5*02	IGHA1	TGTGCAAGAGGCGGAATACCGCTATGGCGTTCCTGG
245	IGHV3-30-3*01	IGHJ3*02	IGHA1	TGTGCGAGGGGTGATAGGGGACCAGTGGCTGGTCCCTGGGATGCTTTTGATATGTGG
252	IGHV3-30-3*01	IGHJ1*01	IGHA1	TGTGCGCGAGAAATCACTAATGGCGCCTTCTTCCCTTGG
394	IGHV3-23*01	IGHJ4*02	IGHG1	TGTGCTTCGGACGTACTCTGGTTCGGGAGAAAGCCTGCCTACTGG
314	IGHV4-34*02	IGHJ5*02	IGHG1	TGTGCGAGAAGGGCTCGGACATTCGGGGAGTTATTGGGGTGGTTCGACCTCTGG
469	IGHV3-23*01	IGHJ4*02	IGHA1	TGTGTAAAAATGAGACCAAATTTACAGGGGGCCTTTGACTCCTGG
461	IGHV3-23*01	IGHJ4*02	IGHA1	TGTGCACACAGTCTCAACCTGGGAAGCAGAGGCTATGACTACTGG
285	IGHV3-30-5*03	IGHJ4*02	IGHA1	TGTGCGAGAAATGTCGACGATTACGTCTGGGGGAGTGATAGTTACTGG
250	IGHV3-30-3*01	IGHJ3*02	IGHA1	TGTGCGAGGGGTGATAGGGGACCAGTGGCTGGTCCCTGGGATGCTTTTGATATGTGG
453	IGHV3-53*01	IGHJ2*01	IGHA1	TGTGCGAGAGATCGAAGTAGTAGTGGGTACTCAAAACACTGGCACTTCGATCTCTGG
202	IGHV4-39*01	IGHJ6*03	IGHA1	TGTGCGCGACAGACAGGTGTGACGGTTTTTGGAGTGGTCCCTTATTACATGGACGTCTGG
128	IGHV4-39*07	IGHJ5*02	IGHA1	TGTGCGAGAGACCCTACTATTGCAGTAGTACAAGCTGAGCGCAACTGGTTCGACCCCTGG
325	IGHV3-30*18	IGHJ6*03	IGHG1	TGTGCGAAGGGGACATACAAATTTTTGACCGGCTTACGCCCTCGCTATCAATATTACCATTTGGACGTCTGG
296	IGHV3-30*04	IGHJ4*02	IGHA1	TGTGCGAGAGATGGTGTGGATAGCAGTGGCCAATATTACATTGACTTCTGG
436	IGHV3-53*01	IGHJ4*02	IGHA1	TGTATCAGAGGAATACCTTGGGGGGTAGGTGAGACAACGAACTGG
450	IGHV3-23*04	IGHJ4*01	IGHA1	TGTGCGAAAGAAGGCACGATGATTCGGGGAGTTCTTCAGGCCGACCCTAAATTTGACAACTGG
470	IGHV3-23*01	IGHJ4*02	IGHA1	TGTGTAAAAATGAGACCAAATTTACAGGGGGCCTTTGACTCCTGG
431	IGHV3-15*07	IGHJ4*02	IGHA1	TGTGTCACAGAAGCAATACTGTATTTTGACTTCTGG
290	IGHV3-30*18	IGHJ6*03	IGHA1	TGTGCGAAAGAGCTGCACAGCTATGGTTACTCCTACTATTACTACTACATGGACGTCTGG
156	IGHV3-74*01	IGHJ4*02	IGHA1	TGTCTTGCAAGTGGCGTTGCGGGGGCACTC
272	IGHV4-4*07	IGHJ4*02	IGHM	TGTGCGAGAGGCGCCAATTTGGGGGAGTTGTCATTCCCCTTTGACTACTGG
243	IGHV2-70*01	IGHJ5*02	IGHG1	TGTGCACGGACGCCTAATTGTATAGCAGCGGCCGCAAAGGGGGGCTGGTTCGACCCCTGG
233	IGHV3-30*04	IGHJ6*02	IGHA1	TGTGCGAGAGGCCTCGGGTTCCGTTATTTTGATAGTAGTGGCAACGCGGGCTACTACTACGGTTTCGACGTCTGG
254	IGHV1-46*01	IGHJ4*02	IGHG3	TGTGCGAGAGGCCACATAACTGGCACTCCTCCCCACTTTGACTACTGG
459	IGHV3-23*01	IGHJ4*02	IGHA1	TGTGCACACAGTCTCAACCTGGGAAGAGGCTATGACTACTGG
441	IGHV3-53*01	IGHJ6*03	IGHD	TGCTTAAGGGGGCCTTACTACTACTACATGGACGTCTGG
513	IGHV3-9*01	IGHJ4*02	IGHG1	TGTGTGAGGGATTTCAACGAGGGAGCTCTTCTCGCATATTACTTTGACTACTGG
420	IGHV3-15*01	IGHJ4*02	IGHA1	TGTACCACGGATCTTAGGTGGGAGCTACTGCTACAATTTGACTACTGG
182	IGHV4-30-2*06	IGHJ6*03	IGHG1	TGTGCCAGAGGACTGACTCCACATTGTAGAGGTACCAGTTGCTATGTCATGGACGTCTGG
423	IGHV3-15*07	IGHJ4*02	IGHG1	TGTATCACAGAGGTGGCTGGGAGCTACTCCTACTGG
185	IGHV4-30-2*06	IGHJ6*03	IGHG1	TGTGTCAGAGGATTGACTTCACATTGTAGAGGGACCAGTTGCTATGTCATGGACGTCTGG
437	IGHV3-53*01	IGHJ4*02	IGHA1	TGTATCAGAGGAATACCTTGGGGGGTAGGTGAGACAACGAACTGG
181	IGHV4-30-2*06	IGHJ6*03	IGHG1	TGTGCCAGAGGATTGACTCCACATTGTAGAGGTACCAGTTGCTATGTCATGGACGTCTGG
350	IGHV3-23*01	IGHJ5*02	IGHA1	TGTGCGAAAGGGGACTGGGGTGGGTTCGACCCCTGG
484	IGHV3-74*01	IGHJ4*02	IGHA1	TGTCTTGCAAGTGGCGTTGCGGGGGCACTC
311	IGHV4-34*01	IGHJ4*02	IGHG1	TGTGGGAGAGGTCGGAGAAGATTCGGGGACTTACGAGAAGTCCCCCTTGACGCATGG
480	IGHV3-7*01	IGHJ6*02	IGHA1	TGTGCGAAAGAAGCGAGCTGGAACTTCGGAAGTGACTACTACTACTATGGTATGGACGTCTGG
315	IGHV4-34*02	IGHJ5*02	IGHG1	TGTGCGAGAAGGGCTCGGACATTCGGGGAGTTATTGGGGTGTTTCGACCTCTGG
508	IGHV3-13*01	IGHJ2*01	IGHA1	TGTGCAAGAGAAGGATATAGTAGCAACTGGGATAATTGGTACTTCGATCTCTGG
226	IGHV1-18*01	IGHJ4*02	IGHA1	TGTGCGAGACGTCCAACAGAGTATTACTATGATGGAAGTGGATATTACCCCTATGAATACTGG
207	IGHV4-39*01	IGHJ5*02	IGHA1	TGTGCGAGACATGTTGACTACAGTAACTGGGGGGGAGCTAACTGGTTCGACCCCTGG
191	IGHV4-30-2*01	IGHJ4*02	IGHA1	TGTGCCCGCCTCGTCCGGTCGGGTTCGGCCTATTATACTGACCAGTGG
413	IGHV3-13*01	IGHJ2*01	IGHG1	TGTGTAAGGGAAGGACATAGCAGCAACTGGAATAATTGGTATTTCGATCTCTGG
434	IGHV3-23*04	IGHJ4*02	IGHG1	TGTGCGAAACCAGGCAGTTCGTCCCACCAACGATTTGATTCTTGG
269	IGHV4-30-2*01	IGHJ3*02	IGHG1	TGTGCCAGAGTGGGGGGAAGGATTACCGGTCCTTTTGATATCTGG
343	IGHV4-34*01	IGHJ6*03	IGHA1	TGTACGAGAGATTACTATGATAGTAGTGGTTATTATACAGGCATTCGCTATTATTACATGGACGTCTGG
328	IGHV2-70*01	IGHJ5*02	IGHG1	TGTGCACGGACGCCTAATTGTATGGCAGCGGCCGCAAAGGGGGGCTGGTTCGACCCCTGG
498	IGHV5-10-1*03	IGHJ6*03	IGHG1	TGTGCGAGACATTCCGGAGTACCAGCTGCTAGGACCTACTACTACTACATGGACGTCTGG
425	IGHV3-15*07	IGHJ4*02	IGHG1	TGTATCACAGAGGTGGCTGGGAGCTACTCCTACTGG
302	IGHV3-30*18	IGHJ6*03	IGHD	TGTGCGAAAGATCGGCTACCTTACTACTACTACTACTACATGGACGTCTGG
326	IGHV4-34*02	IGHJ5*02	IGHG1	TGTGCGAGAAGGGCTCGGACATTCGGGGAGTTATTGGGGTGGTTCGACCTCTGG
511	IGHV3-21*02	IGHJ6*03	IGHA1	TGTGTGAGGGGAAAATACCAGATGGTGAAGTCTGTGTACTACTACTACATGGACGTCTGG
262	IGHV3-30*18	IGHJ6*03	IGHA1	TGTGCGAAGGGGACATTCAAATTTTTGACCGGCTTACGCCCTCGCTACCAATACTACCATATGGACGTCTGG
344	IGHV4-34*01	IGHJ6*03	IGHA1	TGTACGAGAGATTACTATGATAGTAGTGGTTATTATACAGGCATTCGCTATTATTACATGGACGTCTGG
377	IGHV3-13*01	IGHJ4*02	IGHG1	TGTGCAAGAGAAGTGCGGTTTTGTGGTGGAAGTTACCTTTGTTACTATGACTATTTG
384	IGHV3-64D*06	IGHJ6*03	IGHA1	TGTGTGAAACTCACCCCGGGGGGGATTACGATTTTTGGAGCCATTAGGCCGGACGTCTGG
393	IGHV3-23*01	IGHJ4*02	IGHG1	TGTGCGAAAGTTTCTGTTAATCTTGGGCAGCTCGTCTTTGACTCCTGG
492	IGHV3-13*01	IGHJ2*01	IGHA1	TGTGCAAGAGAAGCGGCCAGTGGAAACTGGAACGACTGGTACTTCGATCTCTGG
271	IGHV4-59*01	IGHJ4*02	IGHD	TGTGCGAGGAATGGTCAACTCCTAAACAAATTTGACTACTGG
391	IGHV3-23*01	IGHJ4*02	IGHG1	TGTGCGAAAGTTTCTGTTAATCTTGGGCAGCTCGTCTTTGACTCCTGG
446	IGHV3-73*02	IGHJ4*02	IGHG1	TGTACTAGACCGTTCCCTACGATGGATTGCAGTGGTGGTAGCTGCTTCGCATTTGACTACTGG
353	IGHV3-23*01	IGHJ4*02	IGHG1	TGTGCGCACAGTCTGAACCTCGGAAATAAAGGGTATGATTCTTGG
458	IGHV3-23*01	IGHJ4*02	IGHA1	TGTGCACACAGTCTCAACCTGGGAAGCAGAGGCTATGACTACTGG
494	IGHV3-7*01	IGHJ4*02	IGHA1	TGTGCGAAAAGTGGGGGCTCCTTGTGG
317	IGHV4-34*02	IGHJ5*02	IGHG1	TGTGCGAGAAGGACTCGGACATTCGGGGAGTTATTGGGGTGGTTCGACCTCTGG
451	IGHV3-23*04	IGHJ4*02	IGHG1	TGTGCGAAACCAGGCAGTTCGTCCCACCAACGATTTGATTCTTGG
184	IGHV4-30-2*06	IGHJ6*03	IGHG1	TGTGTCAGAGGATTGACTTCACATTGTAGAGGGACCAGTTGCTATGTCATGGACGTCTGG
463	IGHV3-53*04	IGHJ6*02	IGHG1	TGTGCGAGAGACCAAGAGATCTACGGATTGGACGTCTGG
333	IGHV4-4*02	IGHJ4*02	IGHA1	TGTGCGAGATTGAGGGGCGACTTTCATGATAGTAGGAACTACAGCTTTGACCACTGG
321	IGHV3-30*02	IGHJ6*02	IGHG1	TGTGCGAAAGACCTTTTTTATGGCTACACAGAAATCTATTACGGTATGGACGACTGG
190	IGHV4-30-2*01	IGHJ4*02	IGHA1	TGTGCCCGCCTCGTCCGGTCGGGTTCGGCCTATTATACTGACCAGTGG
380	IGHV1-69-2*01	IGHJ4*02	IGHA1	TGTGCAACACTCACAGCCTGGGGCGGGCACTTTGACTCCTGG
352	IGHV3-66*01	IGHJ4*02	IGHG1	TGTGGGAGGGAGACAGTTGCGGGATTCAGCTATGGTTCCAAGTGG
238	IGHV1-3*01	IGHJ5*02	IGHA1	TGTGCAAGAGGCGGAATACCGCTATGGCGTTCCTGG
266	IGHV3-30*18	IGHJ6*03	IGHA1	TGTGCGAAGGGGACATTCAAATTTTTGACCGGCTTACGCCCTCGCTACCAATACTACCATATGGACGTCTGG
244	IGHV2-70*01	IGHJ5*02	IGHG1	TGTGCACGGACGCCGAATTGTATGGCAGCGGCCGCAAAGGGGGGCTGGTTCGACCCCTGG
331	IGHV2-5*01	IGHJ4*02	IGHA1	TGTGCACACAGCGAACTCCACAGTAATCCAAACTTTGCCTACTGG
368	IGHV3-7*03	IGHJ4*02	IGHG1	TGTGCGAGGGGGCGGAAAGTTGTGTCTGTGCCAGATGCAAGTCCCGCCGCCGACTTTGACTCCTGG
362	IGHV3-66*01	IGHJ4*02	IGHG1	TGTGGGAGGGAGACAGTTGCGGGATTCAGCTATGGTTCCAAGTGG
381	IGHV1-69-2*01	IGHJ4*02	IGHA1	TGTGCAACAGGCAAATCGTATTTCAGTGGCTGGTCCTACTTTGACTACTGG
347	IGHV3-9*01	IGHJ4*02	IGHG1	TGTGTGAGGGATTTCAACGAGGGAGCTCTTCTCGCATATTACTTTGACTACTGG
491	IGHV3-48*02	IGHJ5*02	IGHG1	TGTGTGAGAGATGGACTTATTAGTTCGGTCCGGGGAATTCTTATCAGCTGGTTCGACCCCTGG
374	IGHV3-30-5*03	IGHJ6*02	IGHA1	TGTGCGAGAGCCCACGATATTTTGAATGGGTATCCATACGGTATGGACGTCTGG
282	IGHV1-46*01	IGHJ4*02	IGHG1	TGTGCGAGAGACTCCGGTGGAGTAGTTGTTTGGAATCGGGTGGACCACTGG
483	IGHV3-15*01	IGHJ4*02	IGHG1	TGTACAACAGATCCTCGCCACTGG
376	IGHV3-13*01	IGHJ4*02	IGHG1	TGTGCAAGAGAAGTGCGGTTTTGTGGTGGAAGTTACCTTTGTTACTATGACTATTTG
505	IGHV3-23*01	IGHJ4*02	IGHG1	TGTGTGCAAGGTCGTGATGAGGGCGAAACTTTGGCCCTAATTGACTTCTCG
456	IGHV3-53*01	IGHJ2*01	IGHA1	TGTGCGAGAGATCGAAGTAGTAGTGGGTACTCAAAACACTGGCACTTCGATCTCTGG
496	IGHV3-21*02	IGHJ6*03	IGHG1	TGTGCGAGTTCTGCATACTGTAGTGGTGACTGTTATCCTGGTATACTGGACGTCTGG
225	IGHV1-18*01	IGHJ4*02	IGHA1	TGTGCGAGACGTCCAACAGAGTATTACTATGATGGAAGTGGATATTACCCCTATAAATACTGG
247	IGHV3-30-3*01	IGHJ3*02	IGHA1	TGTGCGAGGGGTGATAGGGGACCAGTGGCTGGTCCCTGGGATGCTTTTGATATGTGG
168	IGHV3-30*18	IGHJ4*02	IGHA1	TGTGCGAACGGGGAGGGTTATTACAGTAACTACGTAGATGCCTATTGG
230	IGHV1-69*12	IGHJ4*02	IGHG1	TGTGCGAGAGCTTACGAGGTTATGATTGGTCCGCCGGGTCTAGGGCCCCTTGGCTACTGG
297	IGHV3-30*15	IGHJ3*02	IGHG1	TGTGCGAGAGAGTATAGTGGGAGTTACTCTCGATCGGATTCTTTTGACATCTGG
270	IGHV4-4*02	IGHJ5*02	IGHG1	TGTGCGAGAAATTTTTGCAGTAATACTCTGTGTTGCGACCAGTGG
222	IGHV1-18*01	IGHJ4*02	IGHA1	TGTGCGCGAGCCGGGGGGAGGGAGGACCTTGGTTTTGAGGACTACTGG
392	IGHV3-23*01	IGHJ4*02	IGHG1	TGTGCGAAAGTTTCTGTTAATCTTGGGCAGCTCGTCTTTGACTCCTGG
158	IGHV4-4*02	IGHJ4*02	IGHA1	TGTGCGAGATTGAGGGGCGACTTTCATGATAGTAGGGACTACAGCTTTGACCACTGG
258	IGHV3-30*18	IGHJ6*03	IGHG1	TGTGCGAAGGGGACATACAAATTTTTGACCGGCTTACGCCCTCGCTATCAATATTACCATTTGGACGTCTGG
465	IGHV3-23*01	IGHJ4*02	IGHA1	TGTGTAAAAATGAGACCAAATTTACAGGGGGCCTTTGACTCCTGG
229	IGHV1-18*01	IGHJ4*02	IGHA1	TGTGCGAGAGTTCCCGCACCCGTCTTCTTTAGCAGTGGCTGCTGG
373	IGHV3-7*03	IGHJ6*03	IGHM	TGTGTGAGAGATCGGAGGTACATGGACGTCTGG
501	IGHV3-9*01	IGHJ5*01	IGHG1	TGTGCAAAAGACAGTAGGGACCCACCAGACTACGGTGACCACGGTGCGTTGGACTCCTGG
396	IGHV3-23*01	IGHJ4*02	IGHG1	TGTGCTTCGGACGTACTCTGGTTCGGGAGAAAGCCTGCCTACTGG
378	IGHV3-13*01	IGHJ4*02	IGHG1	TGTGCAAGAGAAGTGCGGTTTTGTGGTGGAAGTTACCTTTGTTACTATGACTATTTG
248	IGHV3-30-3*01	IGHJ3*02	IGHA1	TGTGCGAGGGGTGATAGGGGACCAGTAGCTGGTCCCTGGGATGCTTTTGATATGTGG
217	IGHV4-39*07	IGHJ5*02	IGHG1	TGTGCGAGAGGAGGGGCAGTGGGTGCCACCTGGTTCGACCCCTGG
160	IGHV4-4*02	IGHJ4*02	IGHA1	TGTGCGAGATTGAGGGGCGACTTTCATGATAGTAGGGACTACAGCTTTGACCACTGG
316	IGHV4-34*02	IGHJ5*02	IGHG1	TGTGCGAGAAGGGCTCGGACATTCGGGGAGTTATTGGGGTGGTTCGACCTCTGG
288	IGHV3-11*01	IGHJ4*02	IGHA1	TGTGCGAGAGCTCGCGGAATAGTGGGAGCTACCCACATTGACTACTGG
246	IGHV3-30-3*01	IGHJ3*02	IGHA1	TGTGCGAGGGGTGATAGGGGACCAGTGGCTGGTCCCTGGGATGCTTTTTATATGTGG
429	IGHV3-13*01	IGHJ3*01	IGHA1	TGTGTTAGAGAGATTATGCGTACGAACTTCTTTGATGCTTTTGATCTCTGG
502	IGHV3-23*01	IGHJ4*02	IGHA1	TGTGTGAAAGATTTTAGGGACGTCCCATATTACTTTGACTACTGG
395	IGHV3-23*01	IGHJ4*02	IGHG1	TGTGCTTCGGACGTACTCTGGTTCGGGAGAAAGCCTGCCTACTGG
348	IGHV4-34*01	IGHJ5*02	IGHG1	TGTGCGAGAAGGGCTCGGACATTCGGGGAGTTATTGGGGTGGTTCGACCTCTGG
386	IGHV3-23*01	IGHJ4*02	IGHG1	TGTGCGAAAGTTTCTGTTAATCTTGGGCAGCTCGTCTTTGACTCCTGG
338	IGHV4-30-2*01	IGHJ3*01	IGHA1	TGTGCCAGAGTCGAGTCCCGTCTTTTAAGAGGGGCTTTTGATGTCTGG
276	IGHV4-30-2*07	IGHJ6*03	IGHG3	TGTACCAGGTACAGAGGGGACTACTACTACATGGACGTCTGG
268	IGHV4-30-2*01	IGHJ3*02	IGHG1	TGTGCCAGAGTGGGGGGAAGGATTACCGGTCCTTTTGATATCTGG
322	IGHV3-30*02	IGHJ6*04	IGHG1	TGTGCGAAAGACCTTTTTTATGGCTACACAGAAATCTATTACGGTATGGACGACTGG
454	IGHV3-53*01	IGHJ2*01	IGHA1	TGTGCGAGAGATCGAAGTAGTAGTGGGTACTCAAAACACTGGCACTTCGATCTCTGG
291	IGHV3-30*18	IGHJ6*03	IGHA1	TGTGCGAAAGAGCTGCACAGCTATGGTTACTCCTACTATTACTACTACATGGACGTCTGG
365	IGHV4-59*01	IGHJ3*01	IGHG1	TGTGCGCGACTTCTCCAGGGAGTCGGTTTTGATTTCTGG
349	IGHV3-13*01	IGHJ2*01	IGHA1	TGTGCAAGAGAAGCGGCCAGTGGAAACTGGAACGACTGGTACTTCGATCTCTGG
422	IGHV3-15*07	IGHJ4*02	IGHG1	TGTATCACAGAGGTGGCTGGGAGCTACTCCTACTGG
165	IGHV4-30-2*01	IGHJ4*02	IGHA1	TGTGCCAGAATTCCGTTTCGGACAGTGCCGTATTTTGACTACTGG
407	IGHV3-15*07	IGHJ4*02	IGHG1	TGTACCACGGATGTGGCTCTTCCAACGAACTGGGGATATCAAGCTTTTGACCACTGG
489	IGHV3-23*01	IGHJ5*02	IGHA1	TGTGCGAAAGGGGACTGGGGTGGGTTCGACCCCTGG
163	IGHV3-23*01	IGHJ5*02	IGHA1	TGTGCGAGATTTCGAGTCAATTTACAATCGGCCATGGGCTCCTGG
204	IGHV4-39*01	IGHJ4*02	IGHM	TGTGCGAGCCAATATAGCAGCTCGTCGTCGGCCCACTTTGACTACTGG
198	IGHV4-39*01	IGHJ4*02	IGHA1	TGTGCGACAATTGGGGTTCGGGGAGTTCCCGTCCGTACTGGAGTTGACTCCTGG
509	IGHV3-53*01	IGHJ4*02	IGHA1	TGTATCAGAGGAATACCTTGGGGGGTAGGTGAGACAACGAACTGG
265	IGHV3-30*18	IGHJ6*03	IGHA1	TGTGCGAAGGGGACATTCAAATTTTTGACCGGCTTACGCCCTCGCTACCAATACTACCATATGGACGTCTGG
159	IGHV4-4*02	IGHJ4*02	IGHA1	TGTGCGAGATTGAGGGGCGACTTTCATGATAGTAGGGACTACAGCTTTGACCACTGG
408	IGHV3-7*03	IGHJ4*02	IGHG1	TGTGCGCCCGTCACGAGGGGCTCGCCCCCCGGGGGCGACGTTGACTATTGG
406	IGHV3-15*07	IGHJ4*02	IGHG1	TGTACCACGGATGTGGCTCTTCCAACGAACTGGGGATATCACGCTTTTGACCACTGG
173	IGHV4-30-2*01	IGHJ5*02	IGHA1	TGTGCCAAAAGAGAGCGGAGGGAAGAGGGGTTCGACCCCTGG
241	IGHV2-70*01	IGHJ5*02	IGHG1	TGTGCACGGACGCCGGATTGTGTAGCAGCGGCCGCAAAGGGGGGCTGGTTCGACCCCTGG
455	IGHV3-53*01	IGHJ2*01	IGHA1	TGTGCGAGAGATCGAAGTAGTAGTGGGTACTCAAAACACTGGCACTTCGATCTCTGG
410	IGHV3-7*01	IGHJ6*02	IGHG1	TGTGCGAGAGATCGGGAATCGTCGGGCAGGGGGGACGACGTCTGG
449	IGHV3-23*04	IGHJ4*01	IGHA1	TGTGCGAAAGAAGGCACGATGATTCGGGGAGTTCTTCAGGCCGACCCTAAATTTGACAACTGG
175	IGHV3-30*02	IGHJ2*01	IGHA1	TGTGCGAAGGATCGACTGGCGACTGCGGTCACAGCGTTCGATCTCTGG
169	IGHV1-18*01	IGHJ4*02	IGHA1	TGTGCGAGAGTTCCCGCACCCGTCTTCTTTAGCAGTGGCTGGTATTTTGACTTCTGG
220	IGHV1-18*01	IGHJ5*02	IGHA1	TGTGCGAGAGACAGGGAAGATGTTGGGGCGCGAAATTATAACTGGTTCGACCCCTGG
383	IGHV3-49*03	IGHJ4*02	IGHA1	TGTACTAGAGAGGGGGGCAGTGGGAGCTTCTACCTTGGGGACCTAATAGACCACTACTTCGACTACTGG
329	IGHV4-30-2*01	IGHJ3*02	IGHG1	TGTGCCAGAGTGGGGGGAAGGATTACCGGTCCTTTTGATATCTGG
399	IGHV3-23*01	IGHJ4*02	IGHM	TGTGTGCGTCGTCTAACAGGAACTGGCGCCTTTGACTACTGG
466	IGHV3-23*01	IGHJ4*02	IGHA1	TGTGTAAAAATGAGACCAAATTTACAGGGGGCCTTTGAATCCTGG
499	IGHV3-13*01	IGHJ3*01	IGHA1	TGTGTTAGAGAGATTATGCGTACGAACTTCTTTGATGCTTTTGATCTCTGG
379	IGHV3-13*01	IGHJ4*02	IGHG1	TGTGCAAGAGAAGTGCGGTTTTGTGGTGGAAGTTACCTTTGTTACTATGACTATTTG
240	IGHV1-3*01	IGHJ4*02	IGHA1	TGTGCGACCGAGCTGATAAAATTCTATAATAATAGTGGGCTTTACGCAAAAGACTATTGG
