sequence_id	v_call	j_call	c_call	junction	family
0	IGHV3-9*01	IGHJ4*02	IGHA1	TGTGCAAAATGCAGTAATATCAGCTGCTATCGAAACTCCTTTGACTACTGG	57308
3	IGHV4-39*07	IGHJ4*02	IGHA1	TGTGCGAGAGTAGTAGGTGGGAGGTACTCAGTGCTTGTGGACTACTGG	65830
1	IGHV3-53*04	IGHJ3*02	IGHA1	TGTGTGAGATCAAAGCAATCAGTCTCAGGGATTATTGGAGTGCCCGATGCTTTTGATATCTGG	44875
2	IGHV3-15*01	IGHJ4*02	IGHA1	TGTACGTCGGAGGGGGCTGTTAATCGCTATGACAGTCGTGGCCAAGATTACTGG	18439
4	IGHV4-39*01	IGHJ5*02	IGHA1	TGTGCGAGACATCGAATGCCAGCAGTTGCCACGGGGTGGTTCGACCCCTGG	68017
5	IGHV3-23*01	IGHJ4*02	IGHA1	TGTGCGAAAGATCTAGTGGTAGCTGGTACCCGGACCTTTGACTACTGG	26490
6	IGHV3-30*02	IGHJ6*03	IGHA1	TGTGCGAATCTCGACGTGGGGCGCGAGATGGACGTCTGG	37257
10	IGHV3-30*01	IGHJ6*03	IGHM	TGTGCGAGGGCAAGCGGCGACTTCTGGTACTACTACATGGACGTCTGG	37407
9	IGHV3-7*01	IGHJ4*02	IGHM	TGTGCGGGCAGCTGGCACTGG	48377
12	IGHV1-69*06	IGHJ6*03	IGHA1	TGTGCGCGAAGTGGATATAGTTATGGACGAAACTACTACTACCACAACATGAACGTCTGG	10882
11	IGHV3-48*04	IGHJ3*02	IGHA1	TGTGCGAGAGACCGTAGTGGTTATTACTTCGACGGCGCTTTTGATATCTGG	41208
13	IGHV4-31*01	IGHJ6*03	IGHA1	TGTGCGAGAATACAGCAGCCGACTTTTTACATGGACGTCTGG	58981
15	IGHV2-5*01	IGHJ4*02	IGHA1	TGTGTACACGAACCATATTGTGATGGTGGTAGCTGCCCCATTGACTCGTGG	13757
14	IGHV4-39*02	IGHJ4*02	IGHA1	TGTGCGAGAGAGAGGTATTGTAGTGGTGGTGTATGCCAAAGCATTGACTACTGG	66535
18	IGHV3-9*01	IGHJ4*02	IGHA1	TGTGCAAAAGATGTTGGGCCCTACTATGGTTCAATGACTTTTTTTGACTGCCGG	57460
7	IGHV4-39*01	IGHJ6*03	IGHG1	TGTGCGTCTATAACCTACTCCTTCCATCTCGACGTCTGG	68782
20	IGHV3-21*01	IGHJ6*03	IGHA1	TGTGCGAGAGAAAAGTATGGTAACCGCGGGCCTCATTACTACTACTACATGGACGTTTGG	21886
21	IGHV3-7*03	IGHJ4*02	IGHA1	TGTGCGGCACAATCGGAACACTGG	48434
19	IGHV4-39*02	IGHJ4*02	IGHA1	TGTGCGAGATCGGAAGAGTTACTTTCGCTCAGGGACTTATTATGGACAACTAACAAATTCGACTACTGG	67355
22	IGHV5-51*01	IGHJ4*02	IGHA1	TGTGCGAGACTCGCCCACTATCAGCTGCAACCTCCTGACTTCTGG	78415
27	IGHV3-11*06	IGHJ4*02	IGHA1	TGTGCGACCAGGATGCCTACGGTGACTGCGTTTGACTACTGG	15653
24	IGHV3-11*06	IGHJ4*02	IGHA1	TGTGCGAGAGTCATAGGGTCGTGGCAGTTGGTCCGTGCCTACGACTTCTGG	16018
25	IGHV3-15*01	IGHJ4*02	IGHA1	TGTAGCACAGATGACTACGATTTTTGGGGTGGTTATTACAAGGGCTACTGG	18349
30	IGHV1-46*01	IGHJ4*02	IGHA1	TGTGCGAGAGAGACACGGGGTTTTGACTACTGG	7223
23	IGHV7-4-1*02	IGHJ4*02	IGHA1	TGTGCGACAGAGCCCCTAGTCAGAGCCTGGCCTCCCCCCCTTGAATACTGG	82103
26	IGHV3-30*02	IGHJ4*02	IGHA1	TGTGCGAAGGGTCAAGTAGTGGGATCCCTTGAGTACTGG	33303
28	IGHV3-7*03	IGHJ4*02	IGHA1	TGTGCGAGGGGCACCTACGGTGGTAATGGTTACTGG	49278
16	IGHV3-7*03	IGHJ4*02	IGHG1	TGTGCGAGAGGAAATTTGCGGCTCGCAAGATCCACCTTTGACTACTGG	50599
17	IGHV3-30*18	IGHJ4*02	IGHG1	TGTGCGAAAGAGAAGTGGCCTAAAGCGTCTGCTTCCCTTGACTACTGG	34422
29	IGHV3-64*03	IGHJ1*01	IGHG1	TGTGTTAAGGATTGTGCTGGTGGCGACTGCTTCGTGGAATATTTCCAACACTGG	46157
31	IGHV5-51*01	IGHJ4*02	IGHA1	TGTGCGACATACTTGGCGCCAGCAGCAGCTGGTGAGAGGGGGGACTCCTGG	78762
32	IGHV3-23*01	IGHJ3*02	IGHA1	TGTGCGAGGGGTCCGCTAGAAGCACTGCTTCCCTACGGTTTACTCGGACATGCCTTTAGTATGTGG	23719
33	IGHV3-7*01	IGHJ4*02	IGHA1	TGTGCGGGCAGCTGGCACTGG	48377
34	IGHV1-8*01	IGHJ6*03	IGHG1	TGTGCGAGAAGAGATAGTGCCTACGATGTGGGAGGGGGGTACTACTACTCCTATTACATGGACGTCTGG	12650
37	IGHV3-74*03	IGHJ6*03	IGHA1	TGTGCAAGAGTAAAGCCAGTATATGGCCACTGGTACATGGACGTCTGG	56298
36	IGHV4-30-4*07	IGHJ3*01	IGHA1	TGTGCCAGAGCCGCTCTGCCCAACGCCAGGGCGGCGGGTACTGCGGGGGGCGCTTTTGATGTCTGG	58401
42	IGHV4-61*01	IGHJ3*02	IGHM	TGTGCCCGATCAGACAGTAGTGGAGGTAGTCCCTTTGATGCTTTTGATATCTGG	74067
38	IGHV5-10-1*03	IGHJ4*02	IGHG1	TGTGCGAGACATAGGTCGCCTATCATGACTCGGCCACTCTTTAATTATTGG	76445
117	IGHV3-30*01	IGHJ6*03	IGHM	TGTGCGAGGGCAAGCGGCGACTTCTGGTACTACTACATGGACGTCTGG	37407
176	IGHV3-15*01	IGHJ4*02	IGHA1	TGTAGCACAGATGACTACGATTTTTGGGGTGGTTATTACAAGGGCTACTGG	18349
166	IGHV3-53*04	IGHJ3*02	IGHA1	TGTGTGAGATCAAAGCAATCAGTCTCAGGGATTATTGGAGTGCCCGATGCTTTTGATATCTGG	44875
61	IGHV4-39*02	IGHJ4*02	IGHA1	TGTGCGAGAGAGAGGTATTGTAGTGGTGGTGTATGCCAAAGCATTGACTACTGG	66535
131	IGHV3-9*01	IGHJ4*02	IGHA1	TGTGCAAAATGCAGTAATATCAGCTGCTATCGAAACTCCTTTGACTACTGG	57308
101	IGHV4-34*01	IGHJ5*02	IGHM	TGTGCGAGAGTCCGGTATTACTATGATAGTAGTGCCCCCAGCCGGGTCTGGTTCGACCCCTGG	60594
167	IGHV3-53*04	IGHJ3*02	IGHA1	TGTGTGAGATCAAAGCAATCAGTCTCAGGGATTATTGGAGTGCCCGATGCTTTTGATATCTGG	44875
159	IGHV3-53*04	IGHJ3*02	IGHA1	TGTGTGAGATCAAAGCAATCAGTCTCAGGGATTATTGGAGTGCCCGATGCTTTTGATATCTGG	44875
44	IGHV2-5*01	IGHJ4*02	IGHA1	TGTGTACACGAACCATATTGTGATGGTGGTAGCTGCCCCATTGACTCGTGG	13757
116	IGHV2-5*01	IGHJ4*02	IGHA1	TGTGTACACGAACCATATTGTGATGGTGGTAGCTGCCCCATTGACTCGTGG	13757
62	IGHV4-39*02	IGHJ4*02	IGHA1	TGTGCGAGAGAGAGGTATTGTAGTGGTGGTGTATGCCAAAGCATTGACTACTGG	66535
112	IGHV2-5*01	IGHJ4*02	IGHA1	TGTGTACACGAACCATATTGTGATGGTGGTAGCTGCCCCATTGACTCGTGG	13757
75	IGHV4-39*07	IGHJ4*02	IGHA1	TGTGCGAGAGTAGTAGGTGGGAGGTACTCAGTGCTTGTGGACTACTGG	65830
136	IGHV3-7*01	IGHJ4*02	IGHM	TGTGCGGGCAGCTGGCACTGG	48377
68	IGHV4-39*01	IGHJ5*02	IGHA1	TGTGCGAGACATCGAATGCCAGCAGTTGCCACGGGGTGGTTCGACCCCTGG	68017
96	IGHV3-30*01	IGHJ6*03	IGHM	TGTGCGAGGGCAAGCGGCGACTTCTGGTACTACTACATGGACGTCTGG	37407
60	IGHV4-39*02	IGHJ4*02	IGHA1	TGTGCGAGAGAGAGGTATTGTAGTGGTGGTGTATGCCAAAGCATTGACTACTGG	66535
39	IGHV3-15*01	IGHJ4*02	IGHA1	TGTACGTCGGAGGGGGCTGTTAATCGCTATGACAGTCGTGGCCAAGATTACTGG	18439
72	IGHV4-39*07	IGHJ4*02	IGHA1	TGTGCGAGAGTAGTAGGTGGGAGGTACTCAGTGCTTGTGGACTACTGG	65830
123	IGHV3-7*01	IGHJ4*02	IGHM	TGTGCGGGCAGCTGGCACTGG	48377
65	IGHV4-39*01	IGHJ5*02	IGHA1	TGTGCGAGACATCGAATGCCAGCAGTTGCCACGGGGTGGTTCGACCCCTGG	68017
137	IGHV3-7*01	IGHJ4*02	IGHM	TGTGCGGGCAGCTGGCACTGG	48377
115	IGHV2-5*01	IGHJ4*02	IGHA1	TGTGTACACGAACCATATTGTGATGTTGGTAGCTGCCCCATTGACTCGTGG	13757
93	IGHV3-30*01	IGHJ6*03	IGHM	TGTGCGAGGGCAAGCGGCGACTTCTGGTACTACTACATGGACGTCTGG	37407
63	IGHV4-39*02	IGHJ4*02	IGHA1	TGTGCGAGAGAGAGGTATTGTAGTGGTGGTGTATGCCAAAGCATTGACTACTGG	66535
85	IGHV4-31*01	IGHJ6*03	IGHA1	TGTGCGAGAATACAGCAGCCGACTTTTTACATGGACGTCTGG	58981
84	IGHV4-31*01	IGHJ6*03	IGHA1	TGTGCGAGAATACAGCAGCCGACTTTTTACATGGACGTCTGG	58981
89	IGHV1-69*06	IGHJ6*03	IGHA1	TGTGCGCGAAGTGGATATAGTTATGGACGAAACTACTACTACCACAACATGAACGTCTGG	10882
86	IGHV4-31*01	IGHJ6*03	IGHA1	TGTGCGAGAATCCAGCAGCCGACTTTTTACATGGACGTCTGG	58981
134	IGHV3-21*01	IGHJ6*03	IGHA1	TGTGCGAGAGAAAAGTATGGTAACCGCGGGCCTCATTACTACTACTACATGGACGTTTGG	21886
100	IGHV3-30*02	IGHJ4*02	IGHA1	TGTGCGAAGGGTCAAGTAGTGGGATCCCTTGAGTACTGG	33303
67	IGHV4-39*01	IGHJ5*02	IGHA1	TGTGCGAGACATCGAATGCCAGCAGTTGCCACGGGGTGGTTCGACCCCTGG	68017
177	IGHV3-9*01	IGHJ4*02	IGHA1	TGTGCAAAAGATGTTGGGCCCTACTATGGTTCAATGACTTTTTTTGACTGCCGG	57460
87	IGHV1-69*06	IGHJ6*03	IGHA1	TGTGCGCGAAGTGGATATAGTTATGGACGAAACTACTACTACCACAACATGAACGTCTGG	10882
92	IGHV3-30*01	IGHJ6*03	IGHM	TGTGCGAGGGCAAGCGGCGACTTCTGGTACTACTACATGGACGTCTGG	37407
98	IGHV3-30*02	IGHJ4*02	IGHA1	TGTGCGAAGGGTCAAGTAGTGGGATCCCTTGAGTACTGG	33303
79	IGHV4-39*02	IGHJ4*02	IGHA1	TGTGCGAGATCGGAAGAGTTACTTTCGCTCAGGGACTTATTATGGACAACTAACAAATTCGACTACTGG	67355
132	IGHV3-21*01	IGHJ6*03	IGHA1	TGTGCGAGAGAAAAGTATGGTAACCGCGGGCCTCATTACTACTACTACATGGACGTTTGG	21886
104	IGHV3-30*02	IGHJ6*03	IGHA1	TGTGCGAATCTCGACGTGGGGCGCGAGATGGACGTCTGG	37257
138	IGHV3-23*01	IGHJ4*02	IGHA1	TGTGCGAAAGATCTAGTGGTAGCTGGTACCCGGACCTTTGACTACTGG	26490
54	IGHV4-31*01	IGHJ6*03	IGHA1	TGTGCGAGAATACAGCAGCCGACTTTTTACATGGACGTCTGG	58981
149	IGHV3-21*01	IGHJ3*02	IGHM	TGTGCGAGAGATCGGGAAGAAATGGTGGTAGCTTCCTCAACCAGCGCGTGGGCCGGTGCTTTTGATATCTGG	19835
73	IGHV4-39*07	IGHJ4*02	IGHA1	TGTGCGAGCGTAGTAGGTGGGAGGTACTCAGTGCTTGTGGACTACTGG	65830
45	IGHV2-5*01	IGHJ4*02	IGHA1	TGTGTACACGAACCATATTGTGATGGTGGTAGCTGCCCCATTGACTCGTGG	13757
142	IGHV3-48*04	IGHJ3*02	IGHA1	TGTGCGAGAGACCGTAGTGGTTATTACTTCGACGGCGCTTTTGATATCTGG	41208
52	IGHV3-15*01	IGHJ4*02	IGHA1	TGTAGCACAGATGACTACGATTTTTGGGGTGGTTATTACAAGGGCTACTGG	18349
158	IGHV3-23*01	IGHJ3*02	IGHA1	TGTGCGAGGGTTCCGCTAGAAGCACTGCTTCCCTACGGTTTACTCGGACATGCCTTTAGTATGTGG	23719
56	IGHV4-39*07	IGHJ4*02	IGHA1	TGTGCGAGAGTAGTAGGTGGGAGGTACTCAGTGCTTGTGGACTACTGG	65830
108	IGHV3-30*02	IGHJ6*03	IGHA1	TGTGCGAATCTCGACGTGGGGCGCGAGATGGACGTCTGG	37257
155	IGHV3-15*01	IGHJ4*02	IGHA1	TGTACGTCGGAGGGGGCTGTTAATCGCTATGACAGTCGTGGCCATTACTGG	18346
148	IGHV3-7*03	IGHJ4*02	IGHA1	TGTGCGAGGGGCACCTACGGTGGTAATTACTGG	48937
77	IGHV4-39*01	IGHJ6*03	IGHG1	TGTGCGTCTATAACCTACTCCTTCCATCTCGACGTCTGG	68782
58	IGHV4-39*07	IGHJ4*02	IGHA1	TGTGCGAGAGTAGTAGGTGGGAGGTACTCAGTGCTTGTGGACTACTGG	65830
141	IGHV5-51*01	IGHJ3*02	IGHD	TGTGCGAGACCTCTCAACCCAGGTGACTACGATGCTTTTGATATCTGG	77225
70	IGHV4-39*01	IGHJ5*02	IGHA1	TGTGCGAGACATCGAATGCCAGCAGTTGCCACGGGGTGGTTCGACCCCTGG	68017
76	IGHV4-39*07	IGHJ4*02	IGHD	TGTGCGAGAGAAAGGCCCCCGGCTATAGCAGTGGCTGGTTCCTACTTTGACTACTGG	66806
152	IGHV3-7*03	IGHJ4*02	IGHG1	TGTGCGAGAGGAAATTTGCGGCTTGCAAGATCCACCTTTGACTACTGG	50599
151	IGHV3-7*03	IGHJ4*02	IGHG1	TGTGCGAGAGGAAATTTGCGGCTCGCAAGATCCACCTTTGACTACTGG	50599
169	IGHV3-9*01	IGHJ4*02	IGHA1	TGTGCAAAAGATGTTGGGCCCTACTATGGTTCAATGACTTTTTTTGACTGCCGG	57460
119	IGHV3-7*03	IGHJ4*02	IGHA1	TGTGCGGCACAATCGGAACACTGG	48434
50	IGHV4-30-4*07	IGHJ3*01	IGHA1	TGTGCCAGAGCCGCTCTGCCCAACGCCAGGGCGGCGGGTACTGCGGGGGGCGCTTTTGATGTCTGG	58401
107	IGHV3-30*02	IGHJ6*03	IGHA1	TGTGCGAATCTCGACGTGGGGCGCGAGATGGACGTCTGG	37257
80	IGHV3-53*04	IGHJ3*02	IGHA1	TGTGTGAGATCAAAGCAATCAGTCTCAGGGATTATTGGAGTGCCCGATGCTTTTGATATCTGG	44875
133	IGHV3-21*01	IGHJ6*03	IGHA1	TGTGCGAGAGAAAAGTATGGTAACCGCGGGCCTCATTACTACTACTACATGGACGTTTGG	21886
135	IGHV3-21*01	IGHJ6*03	IGHA1	TGTGCGAGAGAAAAGTATGGTAACCGCGGACCTCATTACTACTACTACATGGACGTTTGG	21886
122	IGHV3-64*03	IGHJ1*01	IGHG1	TGTGTTAAGGATTGTGCTGGTGGCGACTGCTTCGTGGAATATTTCCAACACTGG	46157
127	IGHV2-5*01	IGHJ4*02	IGHA1	TGTGTACACGAACCATATTGTGATGGTGGTAGCTGCCCCATTGACTCGTGG	13757
82	IGHV3-30*18	IGHJ4*02	IGHG1	TGTGCGAAAGAGAAGTGGCCTAAAGCGTCTGCTTCCCTTGACTACTGG	34422
99	IGHV3-30*02	IGHJ4*02	IGHA1	TGTGCGAAGGGTCAAGTAGTGGGATCCCTTGAGTACTGG	33303
124	IGHV5-51*01	IGHJ4*02	IGHA1	TGTGCGAGACTCGCCCACTATCAGCTGCAACCTCCTGACTTCTGG	78415
172	IGHV3-30*02	IGHJ6*03	IGHA1	TGTGCGAATCTCGACGTGGGGCGCGAGATGGACGTCTGG	37257
66	IGHV4-39*01	IGHJ5*02	IGHA1	TGTGCGAGACATCGAATGCCAGCAGTTGCCACGGGGTGGTTCGACCCCTGG	68017
174	IGHV3-30*02	IGHJ6*03	IGHA1	TGTGCGAATCTCGACGTGGGGCGCGAGATGGACGTCTGG	37257
171	IGHV3-30*02	IGHJ6*03	IGHA1	TGTGCGAATCTCGACGTGGGGCGCGAGATGGACGTCTGG	37257
125	IGHV3-30*02	IGHJ4*02	IGHA1	TGTGCGAAGGGTCAAGTAGTGGGATCCCTTGAGTACTGG	33303
53	IGHV3-7*03	IGHJ4*02	IGHG1	TGTGCGAGAGGAAATTTGCGGCTCGCAAGATCCACCTTTGACTACTGG	50599
106	IGHV3-30*02	IGHJ6*03	IGHA1	TGTGCGAATCTCGACGTGGGGCGCGAGATGGACGTCTGG	37257
51	IGHV1-46*01	IGHJ4*02	IGHA1	TGTGCGAGAGAGACACGGGGTTTTGACTACTGG	7223
173	IGHV3-30*02	IGHJ6*03	IGHA1	TGTGCGAATCTCGACGTGGGGCGCGAGATGGACGTCTGG	37257
110	IGHV3-30*02	IGHJ6*03	IGHA1	TGTGCGAATCTCGACGTGGGGCGCGAGATGGACGTCTGG	37257
118	IGHV4-39*01	IGHJ5*02	IGHA1	TGTGCGAGACATCGAATGCCAGCAGTTGCCACGGGGTGGTTCGACCCCTGG	68017
157	IGHV5-51*01	IGHJ4*02	IGHA1	TGTGCGAGACTCGCCCACTATCAGCTGCAACCTCCTGACTTCTGG	78415
170	IGHV3-9*01	IGHJ4*02	IGHA1	TGTGCAAAAGATGTTGGGCCCTACTATGGTTCAATGACTTTTTTTGACTGCCGG	57460
69	IGHV4-39*01	IGHJ5*02	IGHA1	TGTGCGAGACATCGAATGCCAGCAGTTGCCACGGGGTGGTTCGACCCCTGG	68017
