	v_call	j_call	c_call	junction	chain	familiy_heavy	familiy_pairs
0	IGHV3-7*01	IGHJ5*02	IGHA2	TGTGGGAGAGAAATTGTAGGTGGCCACGTCGACTTAGACCTCTGG	H	51914.0	
1	IGHV7-4-1*02	IGHJ4*02	IGHA2	TGTGCGAGGATGCCCTATCCCCCACCTACGCGGGAATTTTTAAGACATTACGAATTTTGGGTTGGTTTCTATACGCTGACTGACTACTGG	H	81638.0	66373.0
2	IGKV2-28*01	IGKJ4*01	IGKC	TGCATGCAAGCTCTACAAACCCCGCTCACTTTC	L		66373.0
3	IGHV3-23*01	IGHJ6*02	IGHA2	TGTACGGGTCGCCTCCAGGAATATACTAGTGGTTATTGGGTCTGG	H	32913.0	25748.0
4	IGLV1-51*01	IGLJ2*01	IGLC2	TGCGGAGTTTGGGATAGAGGTCTCAGTGTGGGGGTATTC	L		25748.0
5	IGHV3-21*01	IGHJ6*02	IGHG2	TGTGCGAGAGATCGGCATTGTAGTGGTGGTAGCTGCTACTACTACGGTATGGACGTCTGG	H	24515.0	18296.0
6	IGKV2-28*01	IGKJ1*01	IGKC	TGCATGCAAGCTCTACAAACTCCGACGTTC	L		18296.0
7	IGHV3-9*01	IGHJ4*02	IGHG2	TGTGCAAAAGATAAGGGGGGCTCCCTATTTTTTTACTTTGAGTCCTGG	H	55910.0	45846.0
8	IGKV3-20*01	IGKJ4*01	IGKC	TGTCAACAATATGGTAGTTCACCGCTCACTTTC	L		45846.0
9	IGHV3-73*02	IGHJ5*02	IGHA1	TGTGCTATTTCCCGGGATTTTCATTGTAGTCCGTCCAACTGCGATAATTGGTTCGACCCCTGG	H	53354.0	50393.0
10	IGKV3-15*01	IGKJ1*01	IGKC	TGTCAGCAATATCATATTTGGTGGACGTTC	L		50393.0
11	IGHV4-34*01	IGHJ6*02	IGHG1	TGTGCGAGGGTGTCCAAAGTCCGTATGACAATTTTTGGAGCGGGGATCCCCACCATCGGCCACGGCATGGACGTCTGG	H	62626.0	50303.0
12	IGKV3-20*01	IGKJ4*01	IGKC	TGTCAGGACTACGGTAGTTCACCGGTCACCTTC	L		50303.0
13	IGHV1-46*01	IGHJ4*02	IGHM	TGTGCGAGAGATTGGGAGCTAGGGTACTGG	H	9075.0	8660.0
14	IGLV3-19*01	IGLJ2*01	IGLC2	TGTAACTCCCGGGACAGCAGTGGTAACCATCTGGTTTTC	L		8660.0
15	IGHV1-46*01	IGHJ4*02	IGHM	TGTGCGAGAGATTGGGAGCTAGGGTACTGG	H	9075.0	8660.0
16	IGLV3-19*01	IGLJ2*01	IGLC2	TGTAACTCCCGGGACAGCAGTGGTAACCATCTGGTTTTC	L		8660.0
17	IGHV1-3*01	IGHJ1*01	IGHA2	TGTGCGAGGGGACGGGGAAATCAGGCCGGCCTTCGTGACAACCCTCTTTGGCAACACTGG	H	7906.0	6469.0
18	IGKV1-33*01	IGKJ2*01	IGKC	TGTCAACAATATGATTTTCTTCCCTACACTTTT	L		6469.0
19	IGHV3-30*18	IGHJ3*02	IGHA2	TGTGCGAAAGAGGCCCCTAATGATGATGATATCTGG	H	34623.0	32262.0
20	IGLV3-25*03	IGLJ3*02	IGLC3	TGTCAATCAGCAGACAGATATGGTTCTTACCCTTGGGTGTTC	L		32262.0
21	IGHV3-33*01	IGHJ5*02	IGHA2	TGTACGAGAGACCCGTCTGGCAGTGGCTGGGCCTTTGCGTCCTGG	H	42009.0	34056.0
22	IGLV1-44*01	IGLJ2*01	IGLC2	TGTGCAGCATGGGATGAAAGCCTGAATGGCGTGGTATTC	L		34056.0
23	IGHV5-51*01	IGHJ5*02	IGHA1	TGTGCGAGATCGTTGTCGCCTGACCTCTGG	H	79146.0	65505.0
24	IGLV6-57*01	IGLJ3*02	IGLC3	TGTCACTCTTATGATAGTAGCCATTCTTGGGTGTTC	L		65505.0
25	IGHV5-51*01	IGHJ6*02	IGHA1	TGTGCGAGACGGGGGGACTTTGGTGACCTCTACTACGGTATGGACGTCTGG	H	79767.0	41171.0
26	IGLV1-47*01	IGLJ2*01	IGLC2	TGTGCGGCTTGGGATGACAGCCTGAGAGGTCTCTTC	L		41171.0
27	IGHV5-51*01	IGHJ6*02	IGHG1	TGTGCGAGATCCAACGGGAGATCTAATACAGCTCTGTTTTCCGGTCCCAATTACTACTACTACGGTATGGACGTCTGG	H	80304.0	65182.0
28	IGLV3-1*01	IGLJ3*02	IGLC2	TGTCAGACGTGGGACAGCAGCACTGAGGTGTTC	L		65182.0
29	IGHV4-34*02	IGHJ3*02	IGHA1	TGTGCGAGGGGGCGGTGGGACTACGGTGACTACCGTGTCTATGCCTTTGATATTTGG	H	60828.0	50849.0
30	IGLV3-19*01	IGLJ1*01	IGLC1	TGTAGCTCCCGGGACAACGGTGGTACTGTCTTC	L		50849.0
31	IGHV1-8*01	IGHJ5*02	IGHA2	TGTGCGAGAGCTGCGGTCCGGATTCAGGGAAACTGGTTCGACCCCTGG	H	14514.0	11772.0
32	IGKV4-1*01	IGKJ1*01	IGKC	TGTCAGCAATATTATAGTTCTCGGACGTTC	L		11772.0
33	IGHV4-39*01	IGHJ4*02	IGHM	TGTGCGAGACGGACAGCGCCTGGAAACTTTGACTATTGG	H	63637.0	51736.0
34	IGKV1-5*03	IGKJ4*01	IGKC	TGCCAACAGTCTAATAGTTATTCTTTGCTCACTTTC	L		51736.0
35	IGHV4-39*07	IGHJ4*02	IGHG2	TGTGCGAGTTATTACCAACTGCCAAAGGATGCCAATGACTACTGG	H	64359.0	52175.0
36	IGKV3-11*01	IGKJ4*01	IGKC	TGTCAGCACCGCAACAACTGGCCTCTGCTCACCTTC	L		52175.0
37	IGHV1-18*01	IGHJ4*02	IGHG1	TGTGCGAGAGATCGCCTATGGTTCGGGGAGTCCATTGACTACTGG	H	805.0	99.0
38	IGKV1-17*01	IGKJ2*02	IGKC	TGTCTACAGCATTATATTTACCCATGCACTTTT	L		99.0
39	IGHV2-5*01	IGHJ4*02	IGHG2	TGTGCACACAGAAAGCGATTGGATAGTGGTGACTGGTTTACGTTTGACTCCTGG	H	15682.0	12793.0
40	IGKV4-1*01	IGKJ4*01	IGKC	TGTCAGCAATATTATGGTGGTATGCTCACTTTC	L		12793.0
