sequence_id	sequence	v_call	chain	j_call	sequence_alignment	germline_alignment	junction	junction_aa	locus	c_call	junction_length	v_sequence_start	v_sequence_end	v_germline_start	v_germline_end	j_sequence_start	j_sequence_end	j_germline_start	j_germline_end	cell_id	n_seqs_in_cell	paired_seq	pair_count
CTCGTCAGTACCGAGA-1_contig_2	AGGTCTCAGAGAGGAGCCTTAGCCCTGGACTCCAAGGCCTTTCCACTTGGTGATCAGCACTGAGCACAGAGGACTCACCATGGAATTGGGGCTGAGTTGGGTTTTCCTTGTTGCTATTTTAGAAGGTGTCCAGTGTGAGGTGCAGTTGGTGGAGTCGGGGGGAGACTTGGTCCAGCCTGGGGGGTCCCTGAGACTCTCCTGTGCAGCCTCTGGATTCACCTTTAGTAGTTACTGGATGAGTTGGGTCCGCCAGGCTCCAGGGAAGGGGCTGGAGTGGCTGGGCAATATAGAGGACGATGGAAGTTACAAAAACCATGCGGACTCTGTGAAGGGCCGATTTACCATCTCCAGAGACAACGTCCAGAAGTCGCTTTTTCTGCAAATGAACAGCCTGAGAGTCGAGGACACGGGTGTGTATTACTGTGGGAGAGAAATTGTAGGTGGCCACGTCGACTTAGACCTCTGGGGCCAGGGAACCCTGGTGACCGTCTCCTCAGCATCCCCGACCAGCCCCAAGGTCTTCCCGCTGAGCCTCGACAGCACCCCCCAAGATGGGAACGTGGTCGTCGCATGCCTGGTCCAGGGCTTCTTCCCCCAGGAGCCACTCAGTGTGACCTGGAGCGAAAGCGGACAGAACGTGACCGCCAGAAACTTCCC	IGHV3-7*01	H	IGHJ5*02	GAGGTGCAGTTGGTGGAGTCGGGGGGA...GACTTGGTCCAGCCTGGGGGGTCCCTGAGACTCTCCTGTGCAGCCTCTGGATTCACCTTT............AGTAGTTACTGGATGAGTTGGGTCCGCCAGGCTCCAGGGAAGGGGCTGGAGTGGCTGGGCAATATAGAGGACGAT......GGAAGTTACAAAAACCATGCGGACTCTGTGAAG...GGCCGATTTACCATCTCCAGAGACAACGTCCAGAAGTCGCTTTTTCTGCAAATGAACAGCCTGAGAGTCGAGGACACGGGTGTGTATTACTGTGGGAGAGAAATTGTAGGTGGCCACGTCGACTTAGACCTCTGGGGCCAGGGAACCCTGGTGACCGTCTCCTCAG	GAGGTGCAGCTGGTGGAGTCTGGGGGA...GGCTTGGTCCAGCCTGGGGGGTCCCTGAGACTCTCCTGTGCAGCCTCTGGATTCACCTTT............AGTAGCTATTGGATGAGCTGGGTCCGCCAGGCTCCAGGGAAGGGGCTGGAGTGGGTGGCCAACATAAAGCAAGAT......GGAAGTGAGAAATACTATGTGGACTCTGTGAAG...GGCCGATTCACCATCTCCAGAGACAACGCCAAGAACTCACTGTATCTGCAAATGAACAGCCTGAGAGCCGAGGACACGGCTGTGTATTACTGTGCGAGAGANATTGTAGNNNNNNNNNNNNNNNNNGACCCCTGGGGCCAGGGAACCCTGGTCACCGTCTCCTCAG	TGTGGGAGAGAAATTGTAGGTGGCCACGTCGACTTAGACCTCTGG	CGREIVGGHVDLDLW	IGH	IGHA2	45	137	432	1	320	458	497	12	51	CTCGTCAGTACCGAGA-1	1		1
CACACAAGTACGCACC-1_contig_2	ACAACCACACCCCTCCTAAGAAGAAGCCCCTAGACCACAGCTCCACACCATGGACTGGACCTGGAGGATCCTCTTCTTGGTGGCAGCAGCAACAGGTGCCCACTCCCAGGTGCAGCTGGTGTACTCTGGGTCTGAGTTGAAGAAGCCTGGGGCCTCAGTGAAGGTTTCCTGCAAGGCTTCTGGAGACACCTTCAATAGCCATGTTTTAAATTGGGTGCGACAGGCCCCTGGACACGGACTTGAGTGGATGGGATGGATCAACACCAACACTGGGAACCCAACGTATGCCCAGGGCTTTACAGGACGATTTGTCTTCTCCTTGGACACCTCTGTCAGCACGGCATATCTCCAGATCAACGGCCTAAAGGCTGAAGACACTGCCGTTTATTACTGTGCGAGGATGCCCTATCCCCCACCTACGCGGGAATTTTTAAGACATTACGAATTTTGGGTTGGTTTCTATACGCTGACTGACTACTGGGGCCAGGGAGCCCTGGTCACCGTCTCCTCAGCATCCCCGACCAGCCCCAAGGTCTTCCCGCTGAGCCTCGACAGCACCCCCCAAGATGGGAACGTGGTCGTCGCATGCCTGGTCCAGGGCTTCTTCCCCCAGGAGCCACTCAGTGTGACCTGGAGCGAAAGCGGACAGAACGTGACCGCCAGAAACTTCCC	IGHV7-4-1*02	H	IGHJ4*02	CAGGTGCAGCTGGTGTACTCTGGGTCT...GAGTTGAAGAAGCCTGGGGCCTCAGTGAAGGTTTCCTGCAAGGCTTCTGGAGACACCTTC............AATAGCCATGTTTTAAATTGGGTGCGACAGGCCCCTGGACACGGACTTGAGTGGATGGGATGGATCAACACCAAC......ACTGGGAACCCAACGTATGCCCAGGGCTTTACA...GGACGATTTGTCTTCTCCTTGGACACCTCTGTCAGCACGGCATATCTCCAGATCAACGGCCTAAAGGCTGAAGACACTGCCGTTTATTACTGTGCGAGGATGCCCTATCCCCCACCTACGCGGGAATTTTTAAGACATTACGAATTTTGGGTTGGTTTCTATACGCTGACTGACTACTGGGGCCAGGGAGCCCTGGTCACCGTCTCCTCAG	CAGGTGCAGCTGGTGCAATCTGGGTCT...GAGTTGAAGAAGCCTGGGGCCTCAGTGAAGGTTTCCTGCAAGGCTTCTGGATACACCTTC............ACTAGCTATGCTATGAATTGGGTGCGACAGGCCCCTGGACAAGGGCTTGAGTGGATGGGATGGATCAACACCAAC......ACTGGGAACCCAACGTATGCCCAGGGCTTCACA...GGACGGTTTGTCTTCTCCTTGGACACCTCTGTCAGCACGGCATATCTGCAGATCAGCAGCCTAAAGGCTGAGGACACTGCCGTGTATTACTGTGCGAGNNNNNNNNNNNNNNNNNNNNNNNNNNNNNNNNNNNNNNATTACGATTTTTGGAGTGGTTATTATACNNNNNNTGACTACTGGGGCCAGGGAACCCTGGTCACCGTCTCCTCAG	TGTGCGAGGATGCCCTATCCCCCACCTACGCGGGAATTTTTAAGACATTACGAATTTTGGGTTGGTTTCTATACGCTGACTGACTACTGG	CARMPYPPPTREFLRHYEFWVGFYTLTDYW	IGH	IGHA2	90	107	399	1	317	472	512	8	48	CACACAAGTACGCACC-1	2	CACACAAGTACGCACC-1_contig_1	1
CACACAAGTACGCACC-1_contig_1	ATGGGGGATCAGGACTCCTCAGTTCACCTTCTCACAATGAGGCTCCCTGCTCAGCTCCTGGGGCTGCTAATGCTCTGGGTCTCTGAATCCAGTGGGGATATTGTGATGACTCAGTCTCCACTCTCCCTGCCCGTCACCCCTGGAGAGCCGGCCTCCATCTCCTGCAGGTCTAGTCAGAGCCTCCTGCATAGTAATGGATACAACTATTTGGATTGGTTCCTGCAGAAGCCAGGGCAGTCTCCACAACTCCTGATCTATTTGGGTTCTAATCGGGCCTCCGGGGTCCCTGACAGGTTCAGTGGCAGTGGATCAGGTACAGATTTTACTCTGAAAATCAGCAGAGTGGAGGCTGAGGATGTTGGCGTTTATTATTGCATGCAAGCTCTACAAACCCCGCTCACTTTCGGCGGAGGGACCAAGGTGGAGATCAAACGAACTGTGGCTGCACCATCTGTCTTCATCTTCCCGCCATCTGATGAGCAGTTGAAATCTGGAACTGCCTCTGTTGTGTGCCTGCTGAATAACTTCTATCCCAGAGAGGCCAAAGTACAGTGGAAGGTGGATAACGC	IGKV2-28*01	L	IGKJ4*01	GATATTGTGATGACTCAGTCTCCACTCTCCCTGCCCGTCACCCCTGGAGAGCCGGCCTCCATCTCCTGCAGGTCTAGTCAGAGCCTCCTGCATAGT...AATGGATACAACTATTTGGATTGGTTCCTGCAGAAGCCAGGGCAGTCTCCACAACTCCTGATCTATTTGGGT.....................TCTAATCGGGCCTCCGGGGTCCCT...GACAGGTTCAGTGGCAGTGGA......TCAGGTACAGATTTTACTCTGAAAATCAGCAGAGTGGAGGCTGAGGATGTTGGCGTTTATTATTGCATGCAAGCTCTACAAACCCCGCTCACTTTCGGCGGAGGGACCAAGGTGGAGATCAAAC	GATATTGTGATGACTCAGTCTCCACTCTCCCTGCCCGTCACCCCTGGAGAGCCGGCCTCCATCTCCTGCAGGTCTAGTCAGAGCCTCCTGCATAGT...AATGGATACAACTATTTGGATTGGTACCTGCAGAAGCCAGGGCAGTCTCCACAGCTCCTGATCTATTTGGGT.....................TCTAATCGGGCCTCCGGGGTCCCT...GACAGGTTCAGTGGCAGTGGA......TCAGGCACAGATTTTACACTGAAAATCAGCAGAGTGGAGGCTGAGGATGTTGGGGTTTATTACTGCATGCAAGCTCTACAAACTCCGCTCACTTTCGGCGGAGGGACCAAGGTGGAGATCAAAC	TGCATGCAAGCTCTACAAACCCCGCTCACTTTC	CMQALQTPLTF	IGK	IGKC	33	97	395	1	332	396	433	1	38	CACACAAGTACGCACC-1	2	CACACAAGTACGCACC-1_contig_2	1
GTTCGGGGTAGCTGCC-1_contig_2	AGCTCTGAGAGAGGAGCCCAGCCCTGGGATTTTCAGGTGTTTTCATTTGGTGATCAGGACTGTACAGAGAGAACTCACCATGGAGTTTGGGCTGAGCTGGCTTTTTCTTGTGGCTATTTTAAAAGGTGTCCAGTGTGAGGCGCAGCTGTTGGAGTCTGGGGGAGGCTTGGTACAGCCTGGGGGGTCCCTGAGACTCTCCTGTGCAGCCTCTGGATTCACTTTTAGCACCTATGCCATGGTCTGGGTCCGCCAGGCTCCAGGGCAGGGGCTGCAGTGGGTCTCATCTATTTGGGGGAGTGGCCGTAGTATATACTACGCAGACTCCGTGAAGGGCCGGTTCACCATCTCCAGAGACAACTCCAAGAACACGCTGTATCTGCAAATGGACAGCCTGAGAGTCGAGGACACGGCCGTATACTATTGTACGGGTCGCCTCCAGGAATATACTAGTGGTTATTGGGTCTGGGGCCAAGGGACCACGGTCACCGTCTCCGCTGCATCCCCGACCAGCCCCAAGGTCTTCCCGCTGAGCCTCGACAGCACCCCCCAAGATGGGAACGTGGTCGTCGCATGCCTGGTCCAGGGCTTCTTCCCCCAGGAGCCACTCAGTGTGACCTGGAGCGAAAGCGGACAGAACGTGACCGCCAGAAACTTCCC	IGHV3-23*01	H	IGHJ6*02	GAGGCGCAGCTGTTGGAGTCTGGGGGA...GGCTTGGTACAGCCTGGGGGGTCCCTGAGACTCTCCTGTGCAGCCTCTGGATTCACTTTT............AGCACCTATGCCATGGTCTGGGTCCGCCAGGCTCCAGGGCAGGGGCTGCAGTGGGTCTCATCTATTTGGGGGAGT......GGCCGTAGTATATACTACGCAGACTCCGTGAAG...GGCCGGTTCACCATCTCCAGAGACAACTCCAAGAACACGCTGTATCTGCAAATGGACAGCCTGAGAGTCGAGGACACGGCCGTATACTATTGTACGGGTCGCCTCCAGGAATATACTAGTGGTTATTGGGTCTGGGGCCAAGGGACCACGGTCACCGTCTCC	GAGGTGCAGCTGTTGGAGTCTGGGGGA...GGCTTGGTACAGCCTGGGGGGTCCCTGAGACTCTCCTGTGCAGCCTCTGGATTCACCTTT............AGCAGCTATGCCATGAGCTGGGTCCGCCAGGCTCCAGGGAAGGGGCTGGAGTGGGTCTCAGCTATTAGTGGTAGT......GGTGGTAGCACATACTACGCAGACTCCGTGAAG...GGCCGGTTCACCATCTCCAGAGACAATTCCAAGAACACGCTGTATCTGCAAATGAACAGCCTGAGAGCCGAGGACACGGCCGTATATTACTGTGCGNNNNNNNNNNNNNNNNATAGTAGTGGTTATTNNGTCTGGGGCCAAGGGACCACGGTCACCGTCTCC	TGTACGGGTCGCCTCCAGGAATATACTAGTGGTTATTGGGTCTGG	CTGRLQEYTSGYWVW	IGH	IGHA2	45	137	427	1	315	461	493	27	59	GTTCGGGGTAGCTGCC-1	2	GTTCGGGGTAGCTGCC-1_contig_1	1
GTTCGGGGTAGCTGCC-1_contig_1	TGAGCGCAGAAGGCAGGACTCGGGACAATCTTCATCATGACCTGCTCCCCTCTCCTCCTCACCCTTCTCATTCACTGCACAGGGTCCTGGGCCCAGTCTGCATTGACGCAGCCGCCCTCAGTGTCTGCGGCCCCAGGACAGAAGGTCACCATCTCCTGCTCTGGAAGCAGCTCCAACATTGGGAGTGATTATGTATGCTGGTACCAGCACCTCCCAGGAACAGCCCCCAAACTCCTCATTTATGACAATAATAAGCGACCCTCAGGGATTCCTGACCGATTCTCTGGCTCCAAGTCTGGCACGTCAGCCACCCTGGGCATCACCGGACTCCAGACTGGGGACGAGGCCGATTATTATTGCGGAGTTTGGGATAGAGGTCTCAGTGTGGGGGTATTCGGCGGAGGGACCAAGCTGACCGTCCTAGGTCAGCCCAAGGCTGCCCCCTCGGTCACTCTGTTCCCGCCCTCCTCTGAGGAGCTTCAAGCCAACAAGGCCACACTGGTGTGTCTCATAAGTGACTTCTACCCGGGAGCCGTGACAGTGGCCTGGAAGGCAGATAGCAGCCCCGTCAAGGCGGGAGTGGAGACCACCACACCCTCCAAACAAAGCAACAACAAGTACGCGGCCAGCAGCTA	IGLV1-51*01	L	IGLJ2*01	CAGTCTGCATTGACGCAGCCGCCCTCA...GTGTCTGCGGCCCCAGGACAGAAGGTCACCATCTCCTGCTCTGGAAGCAGCTCCAACATT............GGGAGTGATTATGTATGCTGGTACCAGCACCTCCCAGGAACAGCCCCCAAACTCCTCATTTATGACAAT.....................AATAAGCGACCCTCAGGGATTCCT...GACCGATTCTCTGGCTCCAAG......TCTGGCACGTCAGCCACCCTGGGCATCACCGGACTCCAGACTGGGGACGAGGCCGATTATTATTGCGGAGTTTGGGATAGAGGTCTCAGTGTGGGGGTATTCGGCGGAGGGACCAAGCTGACCGTCCTAG	CAGTCTGTGTTGACGCAGCCGCCCTCA...GTGTCTGCGGCCCCAGGACAGAAGGTCACCATCTCCTGCTCTGGAAGCAGCTCCAACATT............GGGAATAATTATGTATCCTGGTACCAGCAGCTCCCAGGAACAGCCCCCAAACTCCTCATTTATGACAAT.....................AATAAGCGACCCTCAGGGATTCCT...GACCGATTCTCTGGCTCCAAG......TCTGGCACGTCAGCCACCCTGGGCATCACCGGACTCCAGACTGGGGACGAGGCCGATTATTACTGCGGAACATGGGATAGCAGCCTGAGTGNNNNGGTATTCGGCGGAGGGACCAAGCTGACCGTCCTAG	TGCGGAGTTTGGGATAGAGGTCTCAGTGTGGGGGTATTC	CGVWDRGLSVGVF	IGL	IGLC2	39	94	385	1	337	390	424	4	38	GTTCGGGGTAGCTGCC-1	2	GTTCGGGGTAGCTGCC-1_contig_2	1
TGAGCCGAGCGTGAGT-1_contig_1	AGCTCTGAGAGAGGAGCCTTAGCCCTGGATTCCAAGGCCTATCCACTTGGTGATCAGCACTGAGCACCGAGGATTCACCATGGAACTGGGGCTCCGCTGGGTTTTCCTTGTTGCTATTTTAGAAGGTGTCCAGTGTGAGGTGCAGCTGGTGGAGTCTGGGGGAGGCCTGGTCAAGCCTGGGGGGTCCCTGAGACTCTCCTGTGCAGCCTCTGGATTCACCTTCAGTAGCTATAGCATGAACTGGGTCCGCCAGGCTCCAGGGAAGGGGCTGGAGTGGGTCTCATCCATTAGTAGTAGTAGTAGTTACATATACTACGCAGACTCAGTGAAGGGCCGATTCACCATCTCCAGAGACAACGCCAAGAACTCACTGTATCTGCAAATGAACAGCCTGAGAGCCGAGGACACGGCTGTGTATTACTGTGCGAGAGATCGGCATTGTAGTGGTGGTAGCTGCTACTACTACGGTATGGACGTCTGGGGCCAAGGGACCACGGTCACCGTCTCCTCAGCCTCCACCAAGGGCCCATCGGTCTTCCCCCTGGCGCCCTGCTCCAGGAGCACCTCCGAGAGCACAGCGGCCCTGGGCTGCCTGGTCAAGGACTACTTCCCCGAACCGGTGACGGTGTCGTGGAACTCAGGCGCTCTGACCAGCGGCGTGCACACCTTCCCGGCTGTCCTACAGTCCTCAGGA	IGHV3-21*01	H	IGHJ6*02	GAGGTGCAGCTGGTGGAGTCTGGGGGA...GGCCTGGTCAAGCCTGGGGGGTCCCTGAGACTCTCCTGTGCAGCCTCTGGATTCACCTTC............AGTAGCTATAGCATGAACTGGGTCCGCCAGGCTCCAGGGAAGGGGCTGGAGTGGGTCTCATCCATTAGTAGTAGT......AGTAGTTACATATACTACGCAGACTCAGTGAAG...GGCCGATTCACCATCTCCAGAGACAACGCCAAGAACTCACTGTATCTGCAAATGAACAGCCTGAGAGCCGAGGACACGGCTGTGTATTACTGTGCGAGAGATCGGCATTGTAGTGGTGGTAGCTGCTACTACTACGGTATGGACGTCTGGGGCCAAGGGACCACGGTCACCGTCTCCTCA	GAGGTGCAGCTGGTGGAGTCTGGGGGA...GGCCTGGTCAAGCCTGGGGGGTCCCTGAGACTCTCCTGTGCAGCCTCTGGATTCACCTTC............AGTAGCTATAGCATGAACTGGGTCCGCCAGGCTCCAGGGAAGGGGCTGGAGTGGGTCTCATCCATTAGTAGTAGT......AGTAGTTACATATACTACGCAGACTCAGTGAAG...GGCCGATTCACCATCTCCAGAGACAACGCCAAGAACTCACTGTATCTGCAAATGAACAGCCTGAGAGCCGAGGACACGGCTGTGTATTACTGTGCGAGAGANNNNNATTGTAGTGGTGGTAGCTGCTACTACTACGGTATGGACGTCTGGGGCCAAGGGACCACGGTCACCGTCTCCTCA	TGTGCGAGAGATCGGCATTGTAGTGGTGGTAGCTGCTACTACTACGGTATGGACGTCTGG	CARDRHCSGGSCYYYGMDVW	IGH	IGHG2	60	137	432	1	320	457	511	8	62	TGAGCCGAGCGTGAGT-1	2	TGAGCCGAGCGTGAGT-1_contig_2	1
TGAGCCGAGCGTGAGT-1_contig_2	ATGGGGGATCAGGACTCCTCAGTTCACCTTCTCACAATGAGGCTCCCTGCTCAGCTCCTGGGGCTGCTAATGCTCTGGGTCTCTGGATCCAGTGGGGATATTGTGATGACTCAGTCTCCACTCTCCCTGCCCGTCACCCCTGGAGAGCCGGCCTCCATCTCCTGCAGGTCTAGTCAGAGCCTCCTGCATAGTAATGGATACAACTATTTGGATTGGTACCTGCAGAAGCCAGGGCAGTCTCCACAGCTCCTGATCTATTTGGGTTCTAATCGGGCCTCCGGGGTCCCTGACAGGTTCAGTGGCAGTGGATCAGGCACAGATTTTACACTGAAAATCAGCAGAGTGGAGGCTGAGGATGTTGGGGTTTATTACTGCATGCAAGCTCTACAAACTCCGACGTTCGGCCAAGGGACCAAGGTGGAAATCAAACGAACTGTGGCTGCACCATCTGTCTTCATCTTCCCGCCATCTGATGAGCAGTTGAAATCTGGAACTGCCTCTGTTGTGTGCCTGCTGAATAACTTCTATCCCAGAGAGGCCAAAGTACAGTGGAAGGTGGATAACGC	IGKV2-28*01	L	IGKJ1*01	GATATTGTGATGACTCAGTCTCCACTCTCCCTGCCCGTCACCCCTGGAGAGCCGGCCTCCATCTCCTGCAGGTCTAGTCAGAGCCTCCTGCATAGT...AATGGATACAACTATTTGGATTGGTACCTGCAGAAGCCAGGGCAGTCTCCACAGCTCCTGATCTATTTGGGT.....................TCTAATCGGGCCTCCGGGGTCCCT...GACAGGTTCAGTGGCAGTGGA......TCAGGCACAGATTTTACACTGAAAATCAGCAGAGTGGAGGCTGAGGATGTTGGGGTTTATTACTGCATGCAAGCTCTACAAACTCCGACGTTCGGCCAAGGGACCAAGGTGGAAATCAAAC	GATATTGTGATGACTCAGTCTCCACTCTCCCTGCCCGTCACCCCTGGAGAGCCGGCCTCCATCTCCTGCAGGTCTAGTCAGAGCCTCCTGCATAGT...AATGGATACAACTATTTGGATTGGTACCTGCAGAAGCCAGGGCAGTCTCCACAGCTCCTGATCTATTTGGGT.....................TCTAATCGGGCCTCCGGGGTCCCT...GACAGGTTCAGTGGCAGTGGA......TCAGGCACAGATTTTACACTGAAAATCAGCAGAGTGGAGGCTGAGGATGTTGGGGTTTATTACTGCATGCAAGCTCTACAAACTCCGACGTTCGGCCAAGGGACCAAGGTGGAAATCAAAC	TGCATGCAAGCTCTACAAACTCCGACGTTC	CMQALQTPTF	IGK	IGKC	30	97	395	1	332	396	430	4	38	TGAGCCGAGCGTGAGT-1	2	TGAGCCGAGCGTGAGT-1_contig_1	1
CGAGCCAGTTACCAGT-1_contig_2	AGCTCTGGGAGAGGAGCCCCAGCCCTGAGATTCCCAGGTGTTTCCATTCAGTGATCAGCACTGAACACAGAGGACTCACCATGGAGTTGGGACTGAGCTGGATTTTCCTTCTGGCAATTTTAAAAGGTGTCCAGTGTGAAGTGCAGCTGGTGGAGTCTGGGGGAACCTTTGTACAGCCTGGCAGGTCCCTGAGACTCTCCTGTGCAGCCTCTGGATTCTCCTTTGACAGTTATGTCATGCACTGGGTCCGGCAAGCTCCAGGGAAGGGCCTGGAGTGGGTCGCAGGTATTAACTGGGATAGTTTTATCGTGCACTATGCGGACTCTGTGAAGGGCCGATTCACCATCTCCAGAGACAACGCCAGGAACTCCCTATATCTGCAAATGGACAGTCTGAGACCTGAGGACACGGCCCTCTATTACTGTGCAAAAGATAAGGGGGGCTCCCTATTTTTTTACTTTGAGTCCTGGGGCCAGGGAACCCTGGTCACCGTCTCCTCAGCCTCCACCAAGGGCCCATCGGTCTTCCCCCTGGCGCCCTGCTCCAGGAGCACCTCCGAGAGCACAGCGGCCCTGGGCTGCCTGGTCAAGGACTACTTCCCCGAACCGGTGACGGTGTCGTGGAACTCAGGCGCTCTGACCAGCGGCGTGCACACCTTCCCAGCTGTCCTACAGTCCTCAGGA	IGHV3-9*01	H	IGHJ4*02	GAAGTGCAGCTGGTGGAGTCTGGGGGA...ACCTTTGTACAGCCTGGCAGGTCCCTGAGACTCTCCTGTGCAGCCTCTGGATTCTCCTTT............GACAGTTATGTCATGCACTGGGTCCGGCAAGCTCCAGGGAAGGGCCTGGAGTGGGTCGCAGGTATTAACTGGGAT......AGTTTTATCGTGCACTATGCGGACTCTGTGAAG...GGCCGATTCACCATCTCCAGAGACAACGCCAGGAACTCCCTATATCTGCAAATGGACAGTCTGAGACCTGAGGACACGGCCCTCTATTACTGTGCAAAAGATAAGGGGGGCTCCCTATTTTTTTACTTTGAGTCCTGGGGCCAGGGAACCCTGGTCACCGTCTCCTCAG	GAAGTGCAGCTGGTGGAGTCTGGGGGA...GGCTTGGTACAGCCTGGCAGGTCCCTGAGACTCTCCTGTGCAGCCTCTGGATTCACCTTT............GATGATTATGCCATGCACTGGGTCCGGCAAGCTCCAGGGAAGGGCCTGGAGTGGGTCTCAGGTATTAGTTGGAAT......AGTGGTAGCATAGGCTATGCGGACTCTGTGAAG...GGCCGATTCACCATCTCCAGAGACAACGCCAAGAACTCCCTGTATCTGCAAATGAACAGTCTGAGAGCTGAGGACACGGCCTTGTATTACTGTGCAAAAGATANNNNNNNNNNNNNATTTTTNTACTTTGACTACTGGGGCCAGGGAACCCTGGTCACCGTCTCCTCAG	TGTGCAAAAGATAAGGGGGGCTCCCTATTTTTTTACTTTGAGTCCTGG	CAKDKGGSLFFYFESW	IGH	IGHG2	48	138	435	1	322	456	501	3	48	CGAGCCAGTTACCAGT-1	2	CGAGCCAGTTACCAGT-1_contig_1	1
CGAGCCAGTTACCAGT-1_contig_1	GGAGAAGAGCTGCTCAGTTAGGACCCAGAGGGAACCATGGAAACCCCAGCGCAGCTTCTCTTCCTCCTGCTACTCTGGCTCCCAGATACCACCGGAGAAATTGTGTTGACGCAGTCTCCAGGCACCCTGTCTTTGTCTCCAGGTGAGAGAGCCACCCTCTCCTGCAGGGCCAGTCAGAGTGTTAGCAGAAGTTCCTTAGCCTGGTATCAGCAGAAGCCTGGCCACGCTCCCAGGCTCCTCATGTATTATGCATCTACCAGGGCCACTGGCATCCCAGACAGGTTCAGTGGCAGTGAATCTGGGACAGACTTCACTCTCACCATCAGCAGACTGGAGCCTGAAGACTTTGCAGTTTATTATTGTCAACAATATGGTAGTTCACCGCTCACTTTCGGCGGAGGGACCAAGGTTGAGATCAAACGAACTGTGGCTGCACCATCTGTCTTCATCTTCCCGCCATCTGATGAGCAGTTGAAATCTGGAACTGCCTCTGTTGTGTGCCTGCTGAATAACTTCTATCCCAGAGAGGCCAAAGTACAGTGGAAGGTGGATAACGC	IGKV3-20*01	L	IGKJ4*01	GAAATTGTGTTGACGCAGTCTCCAGGCACCCTGTCTTTGTCTCCAGGTGAGAGAGCCACCCTCTCCTGCAGGGCCAGTCAGAGTGTTAGC...............AGAAGTTCCTTAGCCTGGTATCAGCAGAAGCCTGGCCACGCTCCCAGGCTCCTCATGTATTATGCA.....................TCTACCAGGGCCACTGGCATCCCA...GACAGGTTCAGTGGCAGTGAA......TCTGGGACAGACTTCACTCTCACCATCAGCAGACTGGAGCCTGAAGACTTTGCAGTTTATTATTGTCAACAATATGGTAGTTCACCGCTCACTTTCGGCGGAGGGACCAAGGTTGAGATCAAAC	GAAATTGTGTTGACGCAGTCTCCAGGCACCCTGTCTTTGTCTCCAGGGGAAAGAGCCACCCTCTCCTGCAGGGCCAGTCAGAGTGTTAGC...............AGCAGCTACTTAGCCTGGTACCAGCAGAAACCTGGCCAGGCTCCCAGGCTCCTCATCTATGGTGCA.....................TCCAGCAGGGCCACTGGCATCCCA...GACAGGTTCAGTGGCAGTGGG......TCTGGGACAGACTTCACTCTCACCATCAGCAGACTGGAGCCTGAAGATTTTGCAGTGTATTACTGTCAGCAGTATGGTAGCTCACCGCTCACTTTCGGCGGAGGGACCAAGGTGGAGATCAAAC	TGTCAACAATATGGTAGTTCACCGCTCACTTTC	CQQYGSSPLTF	IGK	IGKC	33	97	383	1	332	384	421	1	38	CGAGCCAGTTACCAGT-1	2	CGAGCCAGTTACCAGT-1_contig_2	1
GTGCTTCCACTTGGAT-1_contig_2	AGCTCTGGGAGAGGAGCTCCAGCCTTGGGATTCCCAGCTGTCTCCACTCGGTGATCGGCACTGAATACAGGAGACTCACCATGGAGTTTGGGCTGAGCTGGGTTTTCCTTGTTGCTATTTTAAAAGGTGTCCAGTGTGAGGTGCATTTGGTGGAGTCCGGGGGAGGCTTGGTCCAGCCTGAGGAGTCCCTGAAACTCTCCTGTGTAGCCTCTGACTTCACCTTCAGTGCCTCTACTCTTCACTGGGTCCGCCAGGCTTCCGGGAGAGGGCTGGAGTGGGTTGGCCGCATTAGAGCCAAAACTGGCAATTACGCGACAGCATACGGTGCGTCGGTGGAGGGCAGGTTCACCATCACCAGAGACGATTCAAGGAACACGGCGTATCTGCAAATGAACAGCCTAAAAACCGACGACACGGCCGTCTATTATTGTGCTATTTCCCGGGATTTTCATTGTAGTCCGTCCAACTGCGATAATTGGTTCGACCCCTGGGGCCAGGGAACCCTGGTCACCGTCTCCTCAGCATCCCCGACCAGCCCCAAGGTCTTCCCGCTGAGCCTCTGCAGCACCCAGCCAGATGGGAACGTGGTCATCGCCTGCCTGGTCCAGGGCTTCTTCCCCCAGGAGCCACTCAGTGTGACCTGGAGCGAAAGCGGACAGGGCGTGACCGCCAGAAACTTCCC	IGHV3-73*02	H	IGHJ5*02	GAGGTGCATTTGGTGGAGTCCGGGGGA...GGCTTGGTCCAGCCTGAGGAGTCCCTGAAACTCTCCTGTGTAGCCTCTGACTTCACCTTC............AGTGCCTCTACTCTTCACTGGGTCCGCCAGGCTTCCGGGAGAGGGCTGGAGTGGGTTGGCCGCATTAGAGCCAAAACTGGCAATTACGCGACAGCATACGGTGCGTCGGTGGAG...GGCAGGTTCACCATCACCAGAGACGATTCAAGGAACACGGCGTATCTGCAAATGAACAGCCTAAAAACCGACGACACGGCCGTCTATTATTGTGCTATTTCCCGGGATTTTCATTGTAGTCCGTCCAACTGCGATAATTGGTTCGACCCCTGGGGCCAGGGAACCCTGGTCACCGTCTCCTCAG	GAGGTGCAGCTGGTGGAGTCCGGGGGA...GGCTTGGTCCAGCCTGGGGGGTCCCTGAAACTCTCCTGTGCAGCCTCTGGGTTCACCTTC............AGTGGCTCTGCTATGCACTGGGTCCGCCAGGCTTCCGGGAAAGGGCTGGAGTGGGTTGGCCGTATTAGAAGCAAAGCTAACAGTTACGCGACAGCATATGCTGCGTCGGTGAAA...GGCAGGTTCACCATCTCCAGAGATGATTCAAAGAACACGGCGTATCTGCAAATGAACAGCCTGAAAACCGAGGACACGGCCGTGTATTACTGTACTANNNNNNNNNNNNNNNATTGTAGTNNNNNNNNNNNNNNNNNNTGGTTCGACCCCTGGGGCCAGGGAACCCTGGTCACCGTCTCCTCAG	TGTGCTATTTCCCGGGATTTTCATTGTAGTCCGTCCAACTGCGATAATTGGTTCGACCCCTGG	CAISRDFHCSPSNCDNWFDPW	IGH	IGHA1	63	138	435	1	316	477	522	6	51	GTGCTTCCACTTGGAT-1	2	GTGCTTCCACTTGGAT-1_contig_1	1
GTGCTTCCACTTGGAT-1_contig_1	AATGCCTGGGTCAGAGCTCTGGGGAGGAACTGCTCAGTTAGGACCCAGACGGAACCATGGAAGCCCCAGCGCAGCTTCTCTTCCTCCTGCTACTCTGGCTCCCAGACAGCACTGGACAAATAGTGATGACGCAGTCTCCAGCCACCCTGTCTGTGTCTCCAGGGGAGACAGCCACCCTCTCCTGCAGGGCCAGTCAGAGTGTTAGTAGCAACTTAGCCTGGTATCAGCAGAAGCCTGGCCAGGCTCCCAGGCTCCTCATCTCCGGTGCCTTTACGAGGGCCACGGGTATCCCAGCCAGGTTCAGTGGCAGTGTGTCTGGGACAGAATTCACTCTTACCATCAACAGCCTGCAGTCTGAAGACTTTGCAGTTTACTATTGTCAGCAATATCATATTTGGTGGACGTTCGGCCAAGGGACCAAGGTGCAGATCAAACGAACTGTGGCTGCACCATCTGTCTTCATCTTCCCGCCATCTGATGAGCAGTTGAAATCTGGAACTGCCTCTGTTGTGTGCCTGCTGAATAACTTCTATCCCAGAGAGGCCAAAGTACAGTGGAAGGTGGATAACGC	IGKV3-15*01	L	IGKJ1*01	.AAATAGTGATGACGCAGTCTCCAGCCACCCTGTCTGTGTCTCCAGGGGAGACAGCCACCCTCTCCTGCAGGGCCAGTCAGAGTGTT..................AGTAGCAACTTAGCCTGGTATCAGCAGAAGCCTGGCCAGGCTCCCAGGCTCCTCATCTCCGGTGCC.....................TTTACGAGGGCCACGGGTATCCCA...GCCAGGTTCAGTGGCAGTGTG......TCTGGGACAGAATTCACTCTTACCATCAACAGCCTGCAGTCTGAAGACTTTGCAGTTTACTATTGTCAGCAATATCATATTTGGTGGACGTTCGGCCAAGGGACCAAGGTGCAGATCAAAC	GAAATAGTGATGACGCAGTCTCCAGCCACCCTGTCTGTGTCTCCAGGGGAAAGAGCCACCCTCTCCTGCAGGGCCAGTCAGAGTGTT..................AGCAGCAACTTAGCCTGGTACCAGCAGAAACCTGGCCAGGCTCCCAGGCTCCTCATCTATGGTGCA.....................TCCACCAGGGCCACTGGTATCCCA...GCCAGGTTCAGTGGCAGTGGG......TCTGGGACAGAGTTCACTCTCACCATCAGCAGCCTGCAGTCTGAAGATTTTGCAGTTTATTACTGTCAGCAGTATAATAACTGGTGGACGTTCGGCCAAGGGACCAAGGTGGAAATCAAAC	TGTCAGCAATATCATATTTGGTGGACGTTC	CQQYHIWWTF	IGK	IGKC	30	118	398	1	330	399	435	2	38	GTGCTTCCACTTGGAT-1	2	GTGCTTCCACTTGGAT-1_contig_2	1
TGTATTCTCAGCTGGC-1_contig_2	AGTGCTTTCTGAGAGTCATGGACCTCCTGCACAAGAACATGAAACACCTGTGGTTCTTCCTCCTCCTGGTGGCAGCTCCCAGATGGGTCCTGTCCCAGGTGCAGCTTCAGCAGTGGGGCGCGGGACTGTTGAAGCCTTCGGAGACCCTGTCCCTCACCTGCGCTGTCTATGGTGACTCCCTCAAATATTATCACTGGAGTTGGATCCGCCAGACCCCTGGGGGGGTCTTGGAGTGGATTGGGGAAATCGATCACAGTGGAAGCACCGACTACAAGGCGTCCTTCAAGAGTCGTGCCACCCTTTCTGTAGACACATCCAGGAACCAGTTCTCCCTGAGAATTTCGTCCGTGACCGCCGCCGACACGGCTGTCTACTACTGTGCGAGGGTGTCCAAAGTCCGTATGACAATTTTTGGAGCGGGGATCCCCACCATCGGCCACGGCATGGACGTCTGGGGCCAGGGGACCATGGTCACTGTCTCCTCAGCCTCCACCAAGGGCCCATCGGTCTTCCCCCTGGCACCCTCCTCCAAGAGCACCTCTGGGGGCACAGCGGCCCTGGGCTGCCTGGTCAAGGACTACTTCCCCGAACCGGTGACGGTGTCATGGAACTCAGGCGCCCTGACCAGCGGCGTGCACACCTTCCCGGCTGTCCTACAGTCCTCAGGA	IGHV4-34*01	H	IGHJ6*02	CAGGTGCAGCTTCAGCAGTGGGGCGCG...GGACTGTTGAAGCCTTCGGAGACCCTGTCCCTCACCTGCGCTGTCTATGGTGACTCCCTC............AAATATTATCACTGGAGTTGGATCCGCCAGACCCCTGGGGGGGTCTTGGAGTGGATTGGGGAAATCGATCACAGT.........GGAAGCACCGACTACAAGGCGTCCTTCAAG...AGTCGTGCCACCCTTTCTGTAGACACATCCAGGAACCAGTTCTCCCTGAGAATTTCGTCCGTGACCGCCGCCGACACGGCTGTCTACTACTGTGCGAGGGTGTCCAAAGTCCGTATGACAATTTTTGGAGCGGGGATCCCCACCATCGGCCACGGCATGGACGTCTGGGGCCAGGGGACCATGGTCACTGTCTCCTCA	CAGGTGCAGCTACAGCAGTGGGGCGCA...GGACTGTTGAAGCCTTCGGAGACCCTGTCCCTCACCTGCGCTGTCTATGGTGGGTCCTTC............AGTGGTTACTACTGGAGCTGGATCCGCCAGCCCCCAGGGAAGGGGCTGGAGTGGATTGGGGAAATCAATCATAGT.........GGAAGCACCAACTACAACCCGTCCCTCAAG...AGTCGAGTCACCATATCAGTAGACACGTCCAAGAACCAGTTCTCCCTGAAGCTGAGCTCTGTGACCGCCGCGGACACGGCTGTGTATTACTGTGCGAGNNNNNNNNNNNNNNGTATTACGATTTTTGGAGNNNNNNNNNNNNNNNNNNNNNACGGTATGGACGTCTGGGGCCAAGGGACCACGGTCACCGTCTCCTCA	TGTGCGAGGGTGTCCAAAGTCCGTATGACAATTTTTGGAGCGGGGATCCCCACCATCGGCCACGGCATGGACGTCTGG	CARVSKVRMTIFGAGIPTIGHGMDVW	IGH	IGHG1	78	96	385	1	317	439	485	16	62	TGTATTCTCAGCTGGC-1	2	TGTATTCTCAGCTGGC-1_contig_1	1
TGTATTCTCAGCTGGC-1_contig_1	GGAGAAGAGCTGCTCAGTTAGGACCCAGAGGGAACCATGGAAACCCCAGCGCAGCTTCTCTTCCTCCTGCTACTCTGGCTCCCAGAGACCACCGGAGAAGTTGTGTTGACGCAGTCTCCAGGCACCCTGTCTTCGTCTCCGGGGGAAAGAGTCACCCTCTCCTGCAGGGCCAGTCAGAATATTAATAGTCGCTACTTAGGCTGGTACCAGCAGAAGCCTGGCCAGGCTCCCAGGCTCCTCATCTATGGCACATCCAATAGGGCCACTGGCACCCCAGATAGGTTCAGTGGCAGTGGGTCTGGGACAGATTTCAGTCTCACCGTCAGCAGGCTGGAGCCTGACGATTTTGCAGTGTATTACTGTCAGGACTACGGTAGTTCACCGGTCACCTTCGGCGGGGGGACCAGGTTGGATGTCAAACGAACTGTGGCTGCACCATCTGTCTTCATCTTCCCGCCATCTGATGAGCAGTTGAAATCTGGAACTGCCTCTGTTGTGTGCCTGCTGAATAACTTCTATCCCAGAGAGGCCAAAGTACAGTGGAAGGTGGATAACGC	IGKV3-20*01	L	IGKJ4*01	GAAGTTGTGTTGACGCAGTCTCCAGGCACCCTGTCTTCGTCTCCGGGGGAAAGAGTCACCCTCTCCTGCAGGGCCAGTCAGAATATTAAT...............AGTCGCTACTTAGGCTGGTACCAGCAGAAGCCTGGCCAGGCTCCCAGGCTCCTCATCTATGGCACA.....................TCCAATAGGGCCACTGGCACCCCA...GATAGGTTCAGTGGCAGTGGG......TCTGGGACAGATTTCAGTCTCACCGTCAGCAGGCTGGAGCCTGACGATTTTGCAGTGTATTACTGTCAGGACTACGGTAGTTCACCGGTCACCTTCGGCGGGGGGACCAGGTTGGATGTCAAAC	GAAATTGTGTTGACGCAGTCTCCAGGCACCCTGTCTTTGTCTCCAGGGGAAAGAGCCACCCTCTCCTGCAGGGCCAGTCAGAGTGTTAGC...............AGCAGCTACTTAGCCTGGTACCAGCAGAAACCTGGCCAGGCTCCCAGGCTCCTCATCTATGGTGCA.....................TCCAGCAGGGCCACTGGCATCCCA...GACAGGTTCAGTGGCAGTGGG......TCTGGGACAGACTTCACTCTCACCATCAGCAGACTGGAGCCTGAAGATTTTGCAGTGTATTACTGTCAGCAGTATGGTAGCTCACCNNTCACTTTCGGCGGAGGGACCAAGGTGGAGATCAAAC	TGTCAGGACTACGGTAGTTCACCGGTCACCTTC	CQDYGSSPVTF	IGK	IGKC	33	97	383	1	332	386	421	3	38	TGTATTCTCAGCTGGC-1	2	TGTATTCTCAGCTGGC-1_contig_2	1
CTCGGGAAGGCAAAGA-1_contig_2	ATCATCCAACAACCACATCCCTTCTCTACAGAAGCCTCTGAGAGGAAAGTTCTTCACCATGGACTGGACCTGGAGGGTCTTCTGCTTGCTGGCTGTAGCTCCAGGTGCTCGCTCCCAGGTGCAGCTGGTGCAGTCTGGGGCTGAGGTGAAGAAGCCTGGGGCCTCAGTGAAGGTTTCCTGCAAGGCATCTGGATACAGCTTCACCAAGTACTATATACACTGGGTGCGACAGGCCCCTGGACAGGGGCTTGAGTGGATGGGAACAATCTACCCTAGTGATGATAGCACAACCCATGCACAGAAGTTCCAGGGCAGAGTCACCATGACCAGGGACACGTCCACGAGCACAGTTTACATGGAACTGAGCAGCCTGAGATCTGAGGACACGGCCGTCTATTACTGTGCGAGAGATTGGGAGCTAGGGTACTGGGGCCAGGGAACCCTTGTCACCGTCTCCTCAGGGAGTGCATCCGCCCCAACCCTTTTCCCCCTCGTCTCCTGTGAGAATTCCCCGTCGGATACGAGCAGCGTG	IGHV1-46*01	H	IGHJ4*02	CAGGTGCAGCTGGTGCAGTCTGGGGCT...GAGGTGAAGAAGCCTGGGGCCTCAGTGAAGGTTTCCTGCAAGGCATCTGGATACAGCTTC............ACCAAGTACTATATACACTGGGTGCGACAGGCCCCTGGACAGGGGCTTGAGTGGATGGGAACAATCTACCCTAGT......GATGATAGCACAACCCATGCACAGAAGTTCCAG...GGCAGAGTCACCATGACCAGGGACACGTCCACGAGCACAGTTTACATGGAACTGAGCAGCCTGAGATCTGAGGACACGGCCGTCTATTACTGTGCGAGAGATTGGGAGCTAGGGTACTGGGGCCAGGGAACCCTTGTCACCGTCTCCTCAG	CAGGTGCAGCTGGTGCAGTCTGGGGCT...GAGGTGAAGAAGCCTGGGGCCTCAGTGAAGGTTTCCTGCAAGGCATCTGGATACACCTTC............ACCAGCTACTATATGCACTGGGTGCGACAGGCCCCTGGACAAGGGCTTGAGTGGATGGGAATAATCAACCCTAGT......GGTGGTAGCACAAGCTACGCACAGAAGTTCCAG...GGCAGAGTCACCATGACCAGGGACACGTCCACGAGCACAGTCTACATGGAGCTGAGCAGCCTGAGATCTGAGGACACGGCCGTGTATTACTGTGCGAGAGANTGGGAGCTANNNTACTGGGGCCAGGGAACCCTGGTCACCGTCTCCTCAG	TGTGCGAGAGATTGGGAGCTAGGGTACTGG	CARDWELGYW	IGH	IGHM	30	116	411	1	320	425	461	12	48	CTCGGGAAGGCAAAGA-1	2	CTCGGGAAGGCAAAGA-1_contig_1	2
CTCGGGAAGGCAAAGA-1_contig_1	AGCTGTGGGCTCAGAAGCAGAGTTCTGGGGTGTCTCCACCATGGCCTGGACCCCTCTCTGGCTCACTCTCCTCACTCTTTGCATAGGTTCTGTAGTTTCTTCTGAGCTGACTCAGGACCCTGCTGTGTCTGTGGCCTTGGGACAGACAGTCAGGATCACATGCCAAGGAGACAGCCTCAGAAGCTATCATGCAAGCTGGTACCAGCAGAAGCCAGGACAGGCCCCTGCACTTGTCATCTATGGTGAAAACACCCGGCACTCAGGGATCCCAGACCAATTCTCTGGCTCCAGGTCAGGAAACACAGCTTCCTTGACCATCACTGGGGCTCAGGCGGAAGATGAAGCTGACTATTATTGTAACTCCCGGGACAGCAGTGGTAACCATCTGGTTTTCGGCGGAGGGACCAAGCTGACCGTCCTAGGTCAGCCCAAGGCTGCCCCCTCGGTCACTCTGTTCCCGCCCTCCTCTGAGGAGCTTCAAGCCAACAAGGCCACACTGGTGTGTCTCATAAGTGACTTCTACCCGGGAGCCGTGACAGTGGCCTGGAAGGCAGATAGCAGCCCCGTCAAGGCGGGAGTGGAGACCACCACACCCTCCAAACAAAGCAACAACAAGTACGCGGCCAGCAGCTA	IGLV3-19*01	L	IGLJ2*01	TCTTCTGAGCTGACTCAGGACCCTGCT...GTGTCTGTGGCCTTGGGACAGACAGTCAGGATCACATGCCAAGGAGACAGCCTCAGA..................AGCTATCATGCAAGCTGGTACCAGCAGAAGCCAGGACAGGCCCCTGCACTTGTCATCTATGGTGAA.....................AACACCCGGCACTCAGGGATCCCA...GACCAATTCTCTGGCTCCAGG......TCAGGAAACACAGCTTCCTTGACCATCACTGGGGCTCAGGCGGAAGATGAAGCTGACTATTATTGTAACTCCCGGGACAGCAGTGGTAACCATCTGGTTTTCGGCGGAGGGACCAAGCTGACCGTCCTAG	TCTTCTGAGCTGACTCAGGACCCTGCT...GTGTCTGTGGCCTTGGGACAGACAGTCAGGATCACATGCCAAGGAGACAGCCTCAGA..................AGCTATTATGCAAGCTGGTACCAGCAGAAGCCAGGACAGGCCCCTGTACTTGTCATCTATGGTAAA.....................AACAACCGGCCCTCAGGGATCCCA...GACCGATTCTCTGGCTCCAGC......TCAGGAAACACAGCTTCCTTGACCATCACTGGGGCTCAGGCGGAAGATGAGGCTGACTATTACTGTAACTCCCGGGACAGCAGTGGTAACCATCTGGTATTCGGCGGAGGGACCAAGCTGACCGTCCTAG	TGTAACTCCCGGGACAGCAGTGGTAACCATCTGGTTTTC	CNSRDSSGNHLVF	IGL	IGLC2	39	98	387	1	341	388	422	4	38	CTCGGGAAGGCAAAGA-1	2	CTCGGGAAGGCAAAGA-1_contig_2	2
AAACCTGAGTGCCATT-1_contig_2	ATCCAACAACCACATCCCTTCTCTACAGAAGCCTCTGAGAGGAAAGTTCTTCACCATGGACTGGACCTGGAGGGTCTTCTGCTTGCTGGCTGTAGCTCCAGGTGCTCGCTCCCAGGTGCAGCTGGTGCAGTCTGGGGCTGAGGTGAAGAAGCCTGGGGCCTCAGTGAAGGTTTCCTGCAAGGCATCTGGATACAGCTTCACCAAGTACTATATACACTGGGTGCGACAGGCCCCTGGACAGGGGCTTGAGTGGATGGGAACAATCTACCCTAGTGATGATAGCACAACCCATGCACAGAAGTTCCAGGGCAGAGTCACCATGACCAGGGACACGTCCACGAGCACAGTTTACATGGAACTGAGCAGCCTGAGATCTGAGGACACGGCCGTCTATTACTGTGCGAGAGATTGGGAGCTAGGGTACTGGGGCCAGGGAACCCTTGTCACCGTCTCCTCAGGGAGTGCATCCGCCCCAACCCTTTTCCCCCTCGTCTCCTGTGAGAATTCCCCGTCGGATACGAGCAGCGTG	IGHV1-46*01	H	IGHJ4*02	CAGGTGCAGCTGGTGCAGTCTGGGGCT...GAGGTGAAGAAGCCTGGGGCCTCAGTGAAGGTTTCCTGCAAGGCATCTGGATACAGCTTC............ACCAAGTACTATATACACTGGGTGCGACAGGCCCCTGGACAGGGGCTTGAGTGGATGGGAACAATCTACCCTAGT......GATGATAGCACAACCCATGCACAGAAGTTCCAG...GGCAGAGTCACCATGACCAGGGACACGTCCACGAGCACAGTTTACATGGAACTGAGCAGCCTGAGATCTGAGGACACGGCCGTCTATTACTGTGCGAGAGATTGGGAGCTAGGGTACTGGGGCCAGGGAACCCTTGTCACCGTCTCCTCAG	CAGGTGCAGCTGGTGCAGTCTGGGGCT...GAGGTGAAGAAGCCTGGGGCCTCAGTGAAGGTTTCCTGCAAGGCATCTGGATACACCTTC............ACCAGCTACTATATGCACTGGGTGCGACAGGCCCCTGGACAAGGGCTTGAGTGGATGGGAATAATCAACCCTAGT......GGTGGTAGCACAAGCTACGCACAGAAGTTCCAG...GGCAGAGTCACCATGACCAGGGACACGTCCACGAGCACAGTCTACATGGAGCTGAGCAGCCTGAGATCTGAGGACACGGCCGTGTATTACTGTGCGAGAGANTGGGAGCTANNNTACTGGGGCCAGGGAACCCTGGTCACCGTCTCCTCAG	TGTGCGAGAGATTGGGAGCTAGGGTACTGG	CARDWELGYW	IGH	IGHM	30	113	408	1	320	422	458	12	48	AAACCTGAGTGCCATT-1	2	AAACCTGAGTGCCATT-1_contig_1	1
AAACCTGAGTGCCATT-1_contig_1	AGCTGTGGGCTCAGAAGCAGAGTTCTGGGGTGTCTCCACCATGGCCTGGACCCCTCTCTGGCTCACTCTCCTCACTCTTTGCATAGGTTCTGTAGTTTCTTCTGAGCTGACTCAGGACCCTGCTGTGTCTGTGGCCTTGGGACAGACAGTCAGGATCACATGCCAAGGAGACAGCCTCAGAAGCTATCATGCAAGCTGGTACCAGCAGAAGCCAGGACAGGCCCCTGCACTTGTCATCTATGGTGAAAACACCCGGCACTCAGGGATCCCAGACCAATTCTCTGGCTCCAGGTCAGGAAACACAGCTTCCTTGACCATCACTGGGGCTCAGGCGGAAGATGAAGCTGACTATTATTGTAACTCCCGGGACAGCAGTGGTAACCATCTGGTTTTCGGCGGAGGGACCAAGCTGACCGTCCTAGGTCAGCCCAAGGCTGCCCCCTCGGTCACTCTGTTCCCGCCCTCCTCTGAGGAGCTTCAAGCCAACAAGGCCACACTGGTGTGTCTCATAAGTGACTTCTACCCGGGAGCCGTGACAGTGGCCTGGAAGGCAGATAGCAGCCCCGTCAAGGCGGGAGTGGAGACCACCACACCCTCCAAACAAAGCAACAACAAGTACGCGGCCAGCAGCTA	IGLV3-19*01	L	IGLJ2*01	TCTTCTGAGCTGACTCAGGACCCTGCT...GTGTCTGTGGCCTTGGGACAGACAGTCAGGATCACATGCCAAGGAGACAGCCTCAGA..................AGCTATCATGCAAGCTGGTACCAGCAGAAGCCAGGACAGGCCCCTGCACTTGTCATCTATGGTGAA.....................AACACCCGGCACTCAGGGATCCCA...GACCAATTCTCTGGCTCCAGG......TCAGGAAACACAGCTTCCTTGACCATCACTGGGGCTCAGGCGGAAGATGAAGCTGACTATTATTGTAACTCCCGGGACAGCAGTGGTAACCATCTGGTTTTCGGCGGAGGGACCAAGCTGACCGTCCTAG	TCTTCTGAGCTGACTCAGGACCCTGCT...GTGTCTGTGGCCTTGGGACAGACAGTCAGGATCACATGCCAAGGAGACAGCCTCAGA..................AGCTATTATGCAAGCTGGTACCAGCAGAAGCCAGGACAGGCCCCTGTACTTGTCATCTATGGTAAA.....................AACAACCGGCCCTCAGGGATCCCA...GACCGATTCTCTGGCTCCAGC......TCAGGAAACACAGCTTCCTTGACCATCACTGGGGCTCAGGCGGAAGATGAGGCTGACTATTACTGTAACTCCCGGGACAGCAGTGGTAACCATCTGGTATTCGGCGGAGGGACCAAGCTGACCGTCCTAG	TGTAACTCCCGGGACAGCAGTGGTAACCATCTGGTTTTC	CNSRDSSGNHLVF	IGL	IGLC2	39	98	387	1	341	388	422	4	38	AAACCTGAGTGCCATT-1	2	AAACCTGAGTGCCATT-1_contig_2	1
TCTCTAAGTTACGTCA-1_contig_1	CCACATCCCTCCTCTGAAGCCCCCAGAGCACAACTCCTTACCATGGACTGGACCTGGAGGATCCTCTTTTTGGTGGCAGCTGTCACAGGTGTCCACTCCCAGGTCCAGCTTCTGCAGTCTGGGGCTGAGGTGAAGAAGCCTGGGGCCTCAGTCAACATTTCCTGCAAGTCTTCTGGATACACCTTCACTAGATATCCAGTGCATTGGCTGCGCCAGGCCCCCGGACAGAGGCCTGAGTGGTTGGGCTGGATCAACCCTGCCACTGGGAAGACAATGTACTCAGACAACTTGCAGGGCAGAGCCACCATTACCCGGGACACATCCGCGACAACATCTTACATGGAGTTGAGGAGCCTGGCCTCTGAAGACACGGCTGTCTATTACTGTGCGAGGGGACGGGGAAATCAGGCCGGCCTTCGTGACAACCCTCTTTGGCAACACTGGGGCCAGGGTACCCTGGTCACGGTCTCCTCTGCATCCCCGACCAGCCCCAAGGTCTTCCCGCTGAGCCTCGACAGCACCCCCCAAGATGGGAACGTGGTCGTCGCATGCCTGGTCCAGGGCTTCTTCCCCCAGGAGCCACTCAGTGTGACCTGGAGCGAAAGCGGACAGAACGTGACCGCCAGAAACTTCCC	IGHV1-3*01	H	IGHJ1*01	CAGGTCCAGCTTCTGCAGTCTGGGGCT...GAGGTGAAGAAGCCTGGGGCCTCAGTCAACATTTCCTGCAAGTCTTCTGGATACACCTTC............ACTAGATATCCAGTGCATTGGCTGCGCCAGGCCCCCGGACAGAGGCCTGAGTGGTTGGGCTGGATCAACCCTGCC......ACTGGGAAGACAATGTACTCAGACAACTTGCAG...GGCAGAGCCACCATTACCCGGGACACATCCGCGACAACATCTTACATGGAGTTGAGGAGCCTGGCCTCTGAAGACACGGCTGTCTATTACTGTGCGAGGGGACGGGGAAATCAGGCCGGCCTTCGTGACAACCCTCTTTGGCAACACTGGGGCCAGGGTACCCTGGTCACGGTCTCCTC	CAGGTCCAGCTTGTGCAGTCTGGGGCT...GAGGTGAAGAAGCCTGGGGCCTCAGTGAAGGTTTCCTGCAAGGCTTCTGGATACACCTTC............ACTAGCTATGCTATGCATTGGGTGCGCCAGGCCCCCGGACAAAGGCTTGAGTGGATGGGATGGATCAACGCTGGC......AATGGTAACACAAAATATTCACAGAAGTTCCAG...GGCAGAGTCACCATTACCAGGGACACATCCGCGAGCACAGCCTACATGGAGCTGAGCAGCCTGAGATCTGAAGACACGGCTGTGTATTACTGTGCGAGNNNNCGGGGANNNNNNNNNNNNNNNNNNNNNNNNNNNNNNNNNNNNCACTGGGGCCAGGGCACCCTGGTCACCGTCTCCTC	TGTGCGAGGGGACGGGGAAATCAGGCCGGCCTTCGTGACAACCCTCTTTGGCAACACTGG	CARGRGNQAGLRDNPLWQHW	IGH	IGHA2	60	100	392	1	317	439	473	16	50	TCTCTAAGTTACGTCA-1	2	TCTCTAAGTTACGTCA-1_contig_2	1
TCTCTAAGTTACGTCA-1_contig_2	TGGGGAGGAATCAGTCCCAACCAGGACACAGCCTGGACATGAGGGTCCCTGCTCAGCTCCTGGGGCTCCTGCTGCTCTGGCTCTCAGGCGCCAGATGTGACATCCAGATGACCCAGTCTCCTTCGTCCCTGTCAGCCTCTGTCGGAGACAGTATCACTGTCACGTGTCAGGCGACCCAAGACATTAAAACATTTTTAAATTGGTTTCAACACAAACCAGGGAAAGCCCCCAGGCTCCTGATCTACGATGCGTCCATTTTGGCTCCGGGAGTCCCGTCCAGATTCGCTGCACGTGGTTCTGGGTCTGCCTTTTCTTTGACTATCACCGGCCTGCAGCCTGAAGATTCTGCAACTTATTTCTGTCAACAATATGATTTTCTTCCCTACACTTTTGGCCAGGGGACGAAGCTCGAGATCAGTCGAACTGTGGCTGCACCATCTGTCTTCATCTTCCCGCCATCTGATGAGCAGTTGAAATCTGGAACTGCCTCTGTTGTGTGCCTGCTGAATAACTTCTATCCCAGAGAGGCCAAAGTACAGTGGAAGGTGGATAACGC	IGKV1-33*01	L	IGKJ2*01	GACATCCAGATGACCCAGTCTCCTTCGTCCCTGTCAGCCTCTGTCGGAGACAGTATCACTGTCACGTGTCAGGCGACCCAAGACATT..................AAAACATTTTTAAATTGGTTTCAACACAAACCAGGGAAAGCCCCCAGGCTCCTGATCTACGATGCG.....................TCCATTTTGGCTCCGGGAGTCCCG...TCCAGATTCGCTGCACGTGGT......TCTGGGTCTGCCTTTTCTTTGACTATCACCGGCCTGCAGCCTGAAGATTCTGCAACTTATTTCTGTCAACAATATGATTTTCTTCCCTACACTTTTGGCCAGGGGACGAAGCTCGAGATCA	GACATCCAGATGACCCAGTCTCCATCCTCCCTGTCTGCATCTGTAGGAGACAGAGTCACCATCACTTGCCAGGCGAGTCAGGACATT..................AGCAACTATTTAAATTGGTATCAGCAGAAACCAGGGAAAGCCCCTAAGCTCCTGATCTACGATGCA.....................TCCAATTTGGAAACAGGGGTCCCA...TCAAGGTTCAGTGGAAGTGGA......TCTGGGACAGATTTTACTTTCACCATCAGCAGCCTGCAGCCTGAAGATATTGCAACATATTACTGTCAACAGTATGATAATCTCCCNTACACTTTTGGCCAGGGGACCAAGCTGGAGATCA	TGTCAACAATATGATTTTCTTCCCTACACTTTT	CQQYDFLPYTF	IGK	IGKC	33	99	382	1	332	384	417	3	36	TCTCTAAGTTACGTCA-1	2	TCTCTAAGTTACGTCA-1_contig_1	1
GTGCTTCCAGGTCCAC-1_contig_2	GAGCTCTGGGAGAGGAGCCCAGCACTAGAAGTCGGCGGTGTTTCCATTCGGTGATCAGCACTGAACACAGAGGACTCACCATGGAGTTTGGGCTGACCTGGGTTTTCCTCGTTGCTCTTTTAAGAGGTGTCCAGTGTCAGGTGCAGTTGGTGGAGTCTGGGGGAGGCGTGGTCCAGCCTGGGAAGTCCCTGAGACTCTCCTGTGCAGCCTCTGGAATCAACTTCAGATATTATGGCATGCACTGGGTCCGCCAGGCTCCAGGCAAGGGACTGGAGTGGGTGGCAGTTATATCAGATGATGGAGGCGATCAATACTACGCAGACTCCGTGAAGGGCCGATTCACCATCTCCAGAGACAATTCCAAGGAAACCTTATATCTACAAATGAACAGCCTGAGAGTTGAGGACACGGCTATGTATTACTGTGCGAAAGAGGCCCCTAATGATGATGATATCTGGGGCAAAGGGACAATGGTCACCGTTTCTTCAGCATCCCCGACCAGCCCCAAGGTCTTCCCGCTGAGCCTCGACAGCACCCCCCAAGATGGGAACGTGGTCGTCGCATGCCTGGTCCAGGGCTTCTTCCCCCAGGAGCCACTCAGTGTGACCTGGAGCGAAAGCGGACAGAACGTGACCGCCAGAAACTTCCC	IGHV3-30*18	H	IGHJ3*02	CAGGTGCAGTTGGTGGAGTCTGGGGGA...GGCGTGGTCCAGCCTGGGAAGTCCCTGAGACTCTCCTGTGCAGCCTCTGGAATCAACTTC............AGATATTATGGCATGCACTGGGTCCGCCAGGCTCCAGGCAAGGGACTGGAGTGGGTGGCAGTTATATCAGATGAT......GGAGGCGATCAATACTACGCAGACTCCGTGAAG...GGCCGATTCACCATCTCCAGAGACAATTCCAAGGAAACCTTATATCTACAAATGAACAGCCTGAGAGTTGAGGACACGGCTATGTATTACTGTGCGAAAGAGGCCCCTAATGATGATGATATCTGGGGCAAAGGGACAATGGTCACCGTTTCTTCAG	CAGGTGCAGCTGGTGGAGTCTGGGGGA...GGCGTGGTCCAGCCTGGGAGGTCCCTGAGACTCTCCTGTGCAGCCTCTGGATTCACCTTC............AGTAGCTATGGCATGCACTGGGTCCGCCAGGCTCCAGGCAAGGGGCTGGAGTGGGTGGCAGTTATATCATATGAT......GGAAGTAATAAATACTATGCAGACTCCGTGAAG...GGCCGATTCACCATCTCCAGAGACAATTCCAAGAACACGCTGTATCTGCAAATGAACAGCCTGAGAGCTGAGGACACGGCTGTGTATTACTGTGCGAAAGANNNNNCTAATGNNNNTGATATCTGGGGCCAAGGGACAATGGTCACCGTCTCTTCAG	TGTGCGAAAGAGGCCCCTAATGATGATGATATCTGG	CAKEAPNDDDIW	IGH	IGHA2	36	138	433	1	320	449	489	10	50	GTGCTTCCAGGTCCAC-1	2	GTGCTTCCAGGTCCAC-1_contig_1	1
GTGCTTCCAGGTCCAC-1_contig_1	TGGGGGCTGTGGGTCCAGGAGGCAGAACTCTGGGTGTCTCACCATGGCCTGGATCCCTCTACTTCTCCCCCTCCTCACTCTCTGCACAGGCTCTGAGGCCTCCAGTGAACTGACACAGCCACCCTCGGTGTCACTGTCTCCAGGACAGACGGCCAGGATCACCTGCTCTGGGGATACATTGACAAACCACTATTCTTATTGGTACCAACAAAAGCCAGGCCAGGCCCCTCTTTTGATCATATATAAAGACAATGAGAGGCCCTCAGGGATCCCTGAGCGATTCTCTGCCTCCGGCTCAGGGACAACAGTCACGTTGACCATCAGTGGAGTCCAGGCAGAAGACGAGGCTGACTATTACTGTCAATCAGCAGACAGATATGGTTCTTACCCTTGGGTGTTCGGCGGAGGGACCAAGCTGACCGTCCTAAGTCAGTCCAAGGCTGCCCCCTCGGTCACTCTGTTTCCACCCTCCTCTGAGGAGCTTCAAGCCAACAAGGCCACACTGGTGTGTCTCATAAGTGACTTCTACCCGGGAGCCGTGACAGTGGCCTGGAAGGCAGATAGCAGCCCCGTCAAGGCGGGAGTGGAGACCACCACACCCTCCAAACAAAGCAACAACAAGTACGCGGCCAGCAGCTA	IGLV3-25*03	L	IGLJ3*02	TCCAGTGAACTGACACAGCCACCCTCG...GTGTCACTGTCTCCAGGACAGACGGCCAGGATCACCTGCTCTGGGGATACATTGACA..................AACCACTATTCTTATTGGTACCAACAAAAGCCAGGCCAGGCCCCTCTTTTGATCATATATAAAGAC.....................AATGAGAGGCCCTCAGGGATCCCT...GAGCGATTCTCTGCCTCCGGC......TCAGGGACAACAGTCACGTTGACCATCAGTGGAGTCCAGGCAGAAGACGAGGCTGACTATTACTGTCAATCAGCAGACAGATATGGTTCTTACCCTTGGGTGTTCGGCGGAGGGACCAAGCTGACCGTCCTA	TCCTATGAGCTGACACAGCCACCCTCG...GTGTCAGTGTCCCCAGGACAGACGGCCAGGATCACCTGCTCTGGAGATGCATTGCCA..................AAGCAATATGCTTATTGGTACCAGCAGAAGCCAGGCCAGGCCCCTGTGCTGGTGATATATAAAGAC.....................AGTGAGAGGCCCTCAGGGATCCCT...GAGCGATTCTCTGGCTCCAGC......TCAGGGACAACAGTCACGTTGACCATCAGTGGAGTCCAGGCAGAAGACGAGGCTGACTATTACTGTCAATCAGCAGACAGCAGTGGTACTTATCCTTGGGTGTTCGGCGGAGGGACCAAGCTGACCGTCCTA	TGTCAATCAGCAGACAGATATGGTTCTTACCCTTGGGTGTTC	CQSADRYGSYPWVF	IGL	IGLC3	42	101	390	1	341	391	427	1	37	GTGCTTCCAGGTCCAC-1	2	GTGCTTCCAGGTCCAC-1_contig_2	1
CATCAAGCACCCATTC-1_contig_1	GAGCTCTGGGAGAGGAGCCCAGCACTAGAAGTCGGCGGTGTTTCCATTCGGTGATCAGCACTGAACACAGAGGACTCACCATGGAGTTTGGGCTGAGCTGGGTTTTCCTCGTTGCTCTTTTAAGAGGTGTCCAGTGTCAGGTAAAACTGGTGGAGTCTGGGGGAGGCGTGGTCCAGCCTGAGAGGTCCCTGAGACTCTCCTGTGCAGCGTCTGGGTTCACCTTCAGTAACGATGCAATGCACTGGGTCCGCCAGGCTCCAGGCAAGGGGCTGGAGTGGGTGGCAGTCATATGGTATGATGGAAGTGAAAAATACTATGAAGACTCCGTGAAGGGCCGGTTCACCATCTCCAGAGACAATTCCAAGAACATCCTGTTTCTGCAAATGAACAGCCTGAGAGTCGAGGACACGGCTCTTTATTACTGTACGAGAGACCCGTCTGGCAGTGGCTGGGCCTTTGCGTCCTGGGGCCAGGGAACCCTGGTCACCGTCTCCTCAGCATCCCCGACCAGCCCCAAGGTCTTCCCGCTGAGCCTCGACAGCACCCCCCAAGATGGGAACGTGGTCGTCGCATGCCTGGTCCAGGGCTTCTTCCCCCAGGAGCCACTCAGTGTGACCTGGAGCGAAAGCGGACAGAACGTGACCGCCAGAAACTTCCC	IGHV3-33*01	H	IGHJ5*02	CAGGTAAAACTGGTGGAGTCTGGGGGA...GGCGTGGTCCAGCCTGAGAGGTCCCTGAGACTCTCCTGTGCAGCGTCTGGGTTCACCTTC............AGTAACGATGCAATGCACTGGGTCCGCCAGGCTCCAGGCAAGGGGCTGGAGTGGGTGGCAGTCATATGGTATGAT......GGAAGTGAAAAATACTATGAAGACTCCGTGAAG...GGCCGGTTCACCATCTCCAGAGACAATTCCAAGAACATCCTGTTTCTGCAAATGAACAGCCTGAGAGTCGAGGACACGGCTCTTTATTACTGTACGAGAGACCCGTCTGGCAGTGGCTGGGCCTTTGCGTCCTGGGGCCAGGGAACCCTGGTCACCGTCTCCTCAG	CAGGTGCAGCTGGTGGAGTCTGGGGGA...GGCGTGGTCCAGCCTGGGAGGTCCCTGAGACTCTCCTGTGCAGCGTCTGGATTCACCTTC............AGTAGCTATGGCATGCACTGGGTCCGCCAGGCTCCAGGCAAGGGGCTGGAGTGGGTGGCAGTTATATGGTATGAT......GGAAGTAATAAATACTATGCAGACTCCGTGAAG...GGCCGATTCACCATCTCCAGAGACAATTCCAAGAACACGCTGTATCTGCAAATGAACAGCCTGAGAGCCGAGGACACGGCTGTGTATTACTGTGCGAGAGANNNNNNNNGCAGTGGCTGGNNNNNNNNNNCCTGGGGCCAGGGAACCCTGGTCACCGTCTCCTCAG	TGTACGAGAGACCCGTCTGGCAGTGGCTGGGCCTTTGCGTCCTGG	CTRDPSGSGWAFASW	IGH	IGHA2	45	138	433	1	320	463	498	16	51	CATCAAGCACCCATTC-1	2	CATCAAGCACCCATTC-1_contig_2	1
CATCAAGCACCCATTC-1_contig_2	AGCTTCAGCTGTGGGTAGAGAAGACAGGACTCAGGACAATCTCCAGCATGGCCAGCTTCCCTCTCCTCCTCACCCTCCTCACTCACTGTGCAGGGTCCTGGGCCCAATCTGTTCTGACTCAGCCACCCTCAGCGTCTGGGACCCCCGGGCAGAGGGTCACCATCTCCTGTTCTGGAAGCAGCTCCAACATCGGGAATAGAAATGTAAATTGGTACCAGCAAGTTCCAGGAACGGCCCCCAAACTCCTCATCTATAAGAATAATCAGCGGCCCTCAGGGGTCCCTGACCGATTCTCTGGCTCCAAGTCTGGCACTTCAGCCTCCCTGGCCATCAGTGGGCTGCACTCTGACGATGAGGCTGATTACTATTGTGCAGCATGGGATGAAAGCCTGAATGGCGTGGTATTCGGCGGAGGGACCAAGGTGACCGTCCTACGTCAGCCCAAGGCTGCCCCCTCGGTCACTCTGTTCCCGCCCTCCTCTGAGGAGCTTCAAGCCAACAAGGCCACACTGGTGTGTCTCATAAGTGACTTCTACCCGGGAGCCGTGACAGTGGCCTGGAAGGCAGATAGCAGCCCCGTCAAGGCGGGAGTGGAGACCACCACACCCTCCAAACAAAGCAACAACAAGTACGCGGCCAGCAGCTA	IGLV1-44*01	L	IGLJ2*01	CAATCTGTTCTGACTCAGCCACCCTCA...GCGTCTGGGACCCCCGGGCAGAGGGTCACCATCTCCTGTTCTGGAAGCAGCTCCAACATC............GGGAATAGAAATGTAAATTGGTACCAGCAAGTTCCAGGAACGGCCCCCAAACTCCTCATCTATAAGAAT.....................AATCAGCGGCCCTCAGGGGTCCCT...GACCGATTCTCTGGCTCCAAG......TCTGGCACTTCAGCCTCCCTGGCCATCAGTGGGCTGCACTCTGACGATGAGGCTGATTACTATTGTGCAGCATGGGATGAAAGCCTGAATGGCGTGGTATTCGGCGGAGGGACCAAGGTGACCGTCCTA	CAGTCTGTGCTGACTCAGCCACCCTCA...GCGTCTGGGACCCCCGGGCAGAGGGTCACCATCTCTTGTTCTGGAAGCAGCTCCAACATC............GGAAGTAATACTGTAAACTGGTACCAGCAGCTCCCAGGAACGGCCCCCAAACTCCTCATCTATAGTAAT.....................AATCAGCGGCCCTCAGGGGTCCCT...GACCGATTCTCTGGCTCCAAG......TCTGGCACCTCAGCCTCCCTGGCCATCAGTGGGCTCCAGTCTGAGGATGAGGCTGATTATTACTGTGCAGCATGGGATGACAGCCTGAATGGNGTGGTATTCGGCGGAGGGACCAAGCTGACCGTCCTA	TGTGCAGCATGGGATGAAAGCCTGAATGGCGTGGTATTC	CAAWDESLNGVVF	IGL	IGLC2	39	105	397	1	338	399	434	2	37	CATCAAGCACCCATTC-1	2	CATCAAGCACCCATTC-1_contig_1	1
CACAGGCCATCAGTCA-1_contig_2	GGAGTCTCCCTCACCGCCCACCTGGGATCTCAGGGCTTCATTTTCTGCCCTCCACCATCATGGGGTCAACCGCCATCCTCGCCCTCCTCCTGGCTGTTCTCCAAGGAGTCTGTGCCGACGTGCAGCTGGTGCAGTCTGGAGCAGAGGTGAAAAGGCCCGGGGAGTCTCTGAAGATCTCCTGTAAGGGTACTAGAGACAGCTTCACCAGGTACTGGATCGGCTGGGTGCGCCAGATGCCCGGGAAAGGCCTGGAGTGGATGGGGATCATCTATCCTGATGACTCTGAGACCGTATATAGTCCGTCCTTTCAAGGCCACGTCACCATTTCAGTCGACCAGTCCATCAGTACCGCCTACCTGGAGTGGAGCAGCCTTAAGGCCTCGGACACCGGAATGTATTACTGTGCGAGATCGTTGTCGCCTGACCTCTGGGGCCAGGGAACCCTCGTCACCGTCTCCTCAGCATCCCCGACCAGCCCCAAGGTCTTCCCGCTGAGCCTCTGCAGCACCCAGCCAGATGGGAACGTGGTCATCGCCTGCCTGGTCCAGGGCTTCTTCCCCCAGGAGCCACTCAGTGTGACCTGGAGCGAAAGCGGACAGGGCGTGACCGCCAGAAACTTCCC	IGHV5-51*01	H	IGHJ5*02	GACGTGCAGCTGGTGCAGTCTGGAGCA...GAGGTGAAAAGGCCCGGGGAGTCTCTGAAGATCTCCTGTAAGGGTACTAGAGACAGCTTC............ACCAGGTACTGGATCGGCTGGGTGCGCCAGATGCCCGGGAAAGGCCTGGAGTGGATGGGGATCATCTATCCTGAT......GACTCTGAGACCGTATATAGTCCGTCCTTTCAA...GGCCACGTCACCATTTCAGTCGACCAGTCCATCAGTACCGCCTACCTGGAGTGGAGCAGCCTTAAGGCCTCGGACACCGGAATGTATTACTGTGCGAGATCGTTGTCGCCTGACCTCTGGGGCCAGGGAACCCTCGTCACCGTCTCCTCAG	GAGGTGCAGCTGGTGCAGTCTGGAGCA...GAGGTGAAAAAGCCCGGGGAGTCTCTGAAGATCTCCTGTAAGGGTTCTGGATACAGCTTT............ACCAGCTACTGGATCGGCTGGGTGCGCCAGATGCCCGGGAAAGGCCTGGAGTGGATGGGGATCATCTATCCTGGT......GACTCTGATACCAGATACAGCCCGTCCTTCCAA...GGCCAGGTCACCATCTCAGCCGACAAGTCCATCAGCACCGCCTACCTGCAGTGGAGCAGCCTGAAGGCCTCGGACACCGCCATGTATTACTGTGCGAGATCGTTNNNNNNNGACCCCTGGGGCCAGGGAACCCTGGTCACCGTCTCCTCAG	TGTGCGAGATCGTTGTCGCCTGACCTCTGG	CARSLSPDLW	IGH	IGHA1	30	117	410	1	318	423	462	12	51	CACAGGCCATCAGTCA-1	2	CACAGGCCATCAGTCA-1_contig_1	1
CACAGGCCATCAGTCA-1_contig_1	TGGTAGCTCAGGAAGCAGAGCCTGGAGCATCTCCACCATGGCCTGGGCTCCACTACTTCTCACCCTCCTCGCTCACTGCACAGGTTCTTGGGCCAATTTTATGCTGACTCAGCCCCACTCTGTGTCGGCGTCTCCGGGGGAGACGGTAACCATCTCCTGCACCCGCACCAGTGGCAGGATTGGCACAAACTATATCCAGTGGTACCAGCAGCGCCCGGGCAGTTCCCCCATTAAACTGATCGATGAATATGATCACAGACCCTCTGGGGTCCCTGATCGGTTCTCTGGCTCCATCGACAGCTCCTCCAATTCTGCCTCCCTCACCATCTCTGAACTGAAGACTGAGGACGAGGCTGACTACTATTGTCACTCTTATGATAGTAGCCATTCTTGGGTGTTCGGCGGAGGGACCAAGCTGACCGTCCTCGGTCAGCCCAAGGCTGCCCCCTCGGTCACTCTGTTCCCACCCTCCTCTGAGGAGCTTCAAGCCAACAAGGCCACACTGGTGTGTCTCATAAGTGACTTCTACCCGGGAGCCGTGACAGTGGCCTGGAAGGCAGATAGCAGCCCCGTCAAGGCGGGAGTGGAGACCACCACACCCTCCAAACAAAGCAACAACAAGTACGCGGCCAGCAGCTA	IGLV6-57*01	L	IGLJ3*02	AATTTTATGCTGACTCAGCCCCACTCT...GTGTCGGCGTCTCCGGGGGAGACGGTAACCATCTCCTGCACCCGCACCAGTGGCAGGATT............GGCACAAACTATATCCAGTGGTACCAGCAGCGCCCGGGCAGTTCCCCCATTAAACTGATCGATGAATAT.....................GATCACAGACCCTCTGGGGTCCCT...GATCGGTTCTCTGGCTCCATCGACAGCTCCTCCAATTCTGCCTCCCTCACCATCTCTGAACTGAAGACTGAGGACGAGGCTGACTACTATTGTCACTCTTATGATAGTAGCCATTCTTGGGTGTTCGGCGGAGGGACCAAGCTGACCGTCCT	AATTTTATGCTGACTCAGCCCCACTCT...GTGTCGGAGTCTCCGGGGAAGACGGTAACCATCTCCTGCACCCGCAGCAGTGGCAGCATT............GCCAGCAACTATGTGCAGTGGTACCAGCAGCGCCCGGGCAGTTCCCCCACCACTGTGATCTATGAGGAT.....................AACCAAAGACCCTCTGGGGTCCCT...GATCGGTTCTCTGGCTCCATCGACAGCTCCTCCAACTCTGCCTCCCTCACCATCTCTGGACTGAAGACTGAGGACGAGGCTGACTACTACTGTCAGTCTTATGATAGCAGCAATNNTTGGGTGTTCGGCGGAGGGACCAAGCTGACCGTCCT	TGTCACTCTTATGATAGTAGCCATTCTTGGGTGTTC	CHSYDSSHSWVF	IGL	IGLC3	36	95	388	1	333	391	426	1	36	CACAGGCCATCAGTCA-1	2	CACAGGCCATCAGTCA-1_contig_2	1
CTGCCTAAGATAGTCA-1_contig_2	GGAGTCTCCCTCACTGCCCAGCTGGGATCTCAGGGCGTCGTTTTCTGTCCTCCACCATCATGGGGTCAACCGCCACCCTCGCCCTCCTCCTGGCCGTTCTCCAAGGAGTCTGTGGCGAGGTGCGACTGGTGCAGTCTGGAGCAGAGGTGAAGAAGTCCGGAGAGTCTGTGAAGATCGCCTGTAAGGGGTCTGGATATAAGTTTGCCACCTATTGGGTCGCCTGGGTGCGCCACGTGCCCGGGAAAGGCCTGGAGTGGATGGGAGTCATCTATCCTGGTGACTCCGACACCAGATATAGTCCGTCCTTCCAAGGCCAGGCCACCTTCTCGGTCGACAAGTCCATCAATACCGTCTACCTTCAGTGGCGCAGCCTCAGTGTTTCGGACACCGCCACCTATTATTGTGCGAGACGGGGGGACTTTGGTGACCTCTACTACGGTATGGACGTCTGGGGCCGAGGGACCACGGTCAACGTCTCCTCAGCATCCCCGACCAGCCCCAAGGTCTTCCCGCTGAGCCTCTGCAGCACCCAGCCAGATGGGAACGTGGTCATCGCCTGCCTGGTCCAGGGCTTCTTCCCCCAGGAGCCACTCAGTGTGACCTGGAGCGAAAGCGGACAGGGCGTGACCGCCAGAAACTTCCC	IGHV5-51*01	H	IGHJ6*02	GAGGTGCGACTGGTGCAGTCTGGAGCA...GAGGTGAAGAAGTCCGGAGAGTCTGTGAAGATCGCCTGTAAGGGGTCTGGATATAAGTTT............GCCACCTATTGGGTCGCCTGGGTGCGCCACGTGCCCGGGAAAGGCCTGGAGTGGATGGGAGTCATCTATCCTGGT......GACTCCGACACCAGATATAGTCCGTCCTTCCAA...GGCCAGGCCACCTTCTCGGTCGACAAGTCCATCAATACCGTCTACCTTCAGTGGCGCAGCCTCAGTGTTTCGGACACCGCCACCTATTATTGTGCGAGACGGGGGGACTTTGGTGACCTCTACTACGGTATGGACGTCTGGGGCCGAGGGACCACGGTCAACGTCTCCTCA	GAGGTGCAGCTGGTGCAGTCTGGAGCA...GAGGTGAAAAAGCCCGGGGAGTCTCTGAAGATCTCCTGTAAGGGTTCTGGATACAGCTTT............ACCAGCTACTGGATCGGCTGGGTGCGCCAGATGCCCGGGAAAGGCCTGGAGTGGATGGGGATCATCTATCCTGGT......GACTCTGATACCAGATACAGCCCGTCCTTCCAA...GGCCAGGTCACCATCTCAGCCGACAAGTCCATCAGCACCGCCTACCTGCAGTGGAGCAGCCTGAAGGCCTCGGACACCGCCATGTATTACTGTGCGAGACNNNNNGACTATGGTGNNNNCTACTACGGTATGGACGTCTGGGGCCAAGGGACCACGGTCACCGTCTCCTCA	TGTGCGAGACGGGGGGACTTTGGTGACCTCTACTACGGTATGGACGTCTGG	CARRGDFGDLYYGMDVW	IGH	IGHA1	51	117	411	1	319	431	482	11	62	CTGCCTAAGATAGTCA-1	2	CTGCCTAAGATAGTCA-1_contig_1	1
CTGCCTAAGATAGTCA-1_contig_1	TGTGGTAGAGAAGACAGGATTCAGGACAATCTCCAGCATGGCCGGCTTCCCTCTCCTCCTCACCCTCCTCACTCACTGTGCAGGGTCCTGGGCCCAGTCTCAACTGACTCAGCCACCCTCAGCGTCTGGAACCCCCGGGCAGAGGATCGTCATCTCCTGTTCGGGCAGCGACTCCAACATCGGAAAGCATTATGTTTATTGGTACCAGCACGTCCCAGGAGCGGCCCCCAAACTCCTCATTTACAAGAATAATGAGCGGGCCGCAGGGATCCCCGCCCGCTTCTCTGCCTCCAAGTCAGGCACCTCAGCCGCCCTGACCATTGGCGGCCTCCGGCCCGAGGATGAGGGTCACTATTATTGTGCGGCTTGGGATGACAGCCTGAGAGGTCTCTTCGGCGGAGGGACCACGGTGGCCGTCCTACGTCAGCCCAAGGCTGCCCCCTCGGTCACTCTGTTCCCGCCCTCCTCTGAGGAGCTTCAAGCCAACAAGGCCACACTGGTGTGTCTCATAAGTGACTTCTACCCGGGAGCCGTGACAGTGGCCTGGAAGGCAGATAGCAGCCCCGTCAAGGCGGGAGTGGAGACCACCACACCCTCCAAACAAAGCAACAACAAGTACGCGGCCAGCAGCTA	IGLV1-47*01	L	IGLJ2*01	CAGTCTCAACTGACTCAGCCACCCTCA...GCGTCTGGAACCCCCGGGCAGAGGATCGTCATCTCCTGTTCGGGCAGCGACTCCAACATC............GGAAAGCATTATGTTTATTGGTACCAGCACGTCCCAGGAGCGGCCCCCAAACTCCTCATTTACAAGAAT.....................AATGAGCGGGCCGCAGGGATCCCC...GCCCGCTTCTCTGCCTCCAAG......TCAGGCACCTCAGCCGCCCTGACCATTGGCGGCCTCCGGCCCGAGGATGAGGGTCACTATTATTGTGCGGCTTGGGATGACAGCCTGAGAGGTCTCTTCGGCGGAGGGACCACGGTGGCCGTCCTA	CAGTCTGTGCTGACTCAGCCACCCTCA...GCGTCTGGGACCCCCGGGCAGAGGGTCACCATCTCTTGTTCTGGAAGCAGCTCCAACATC............GGAAGTAATTATGTATACTGGTACCAGCAGCTCCCAGGAACGGCCCCCAAACTCCTCATCTATAGGAAT.....................AATCAGCGGCCCTCAGGGGTCCCT...GACCGATTCTCTGGCTCCAAG......TCTGGCACCTCAGCCTCCCTGGCCATCAGTGGGCTCCGGTCCGAGGATGAGGCTGATTATTACTGTGCAGCATGGGATGACAGCCTGAGTGGTCNNTTCGGCGGAGGGACCAAGCTGACCGTCCTA	TGTGCGGCTTGGGATGACAGCCTGAGAGGTCTCTTC	CAAWDDSLRGLF	IGL	IGLC2	36	95	389	1	340	392	421	8	37	CTGCCTAAGATAGTCA-1	2	CTGCCTAAGATAGTCA-1_contig_2	1
GGTATTGTCATGCATG-1_contig_2	GGAGTCTCCCTCACTGCCCAGCTGGGATCTCGGGGCTTCATTTTCTGTCCTCCACCATCATGGGGTCAACCGCCATCCTCGCCCTCCTCCTGGCTGTTCTCCAAGGAGTCTGTGCCGAGGTGCAGCTGGTGCAGTCTGGAGCAGAGGTGAAAAAGCCCGGGGAGTCTCTGAAGATCTCCTGTAAGGGTTCTGGATACAGCTTTACCACCTACTGGATCGGCTGGGTGCGCCAGATGCCCGGGAAAGGCCTGGAGTGGATGGGGATCATCTATCCTGGTGACTCTGACACCAGATACAGCCCGTCCTTCCAAGGCCAGGTCACCATCTCAGCCGACAAGTCCATCGCCACCGCCTACCTGCAGTGGAGCAGCCTGAAGGCCTCGGACACCGCCATGTATTACTGTGCGAGATCCAACGGGAGATCTAATACAGCTCTGTTTTCCGGTCCCAATTACTACTACTACGGTATGGACGTCTGGGGCCAAGGGACCACGGTCACCGTCTCCTCAGCCTCCACCAAGGGCCCATCGGTCTTCCCCCTGGCACCCTCCTCCAAGAGCACCTCTGGGGGCACAGCGGCCCTGGGCTGCCTGGTCAAGGACTACTTCCCCGAACCGGTGACGGTGTCGTGGAACTCAGGCGCCCTGACCAGCGGCGTGCACACCTTCCCGGCTGTCCTACAGTCCTCAGGA	IGHV5-51*01	H	IGHJ6*02	GAGGTGCAGCTGGTGCAGTCTGGAGCA...GAGGTGAAAAAGCCCGGGGAGTCTCTGAAGATCTCCTGTAAGGGTTCTGGATACAGCTTT............ACCACCTACTGGATCGGCTGGGTGCGCCAGATGCCCGGGAAAGGCCTGGAGTGGATGGGGATCATCTATCCTGGT......GACTCTGACACCAGATACAGCCCGTCCTTCCAA...GGCCAGGTCACCATCTCAGCCGACAAGTCCATCGCCACCGCCTACCTGCAGTGGAGCAGCCTGAAGGCCTCGGACACCGCCATGTATTACTGTGCGAGATCCAACGGGAGATCTAATACAGCTCTGTTTTCCGGTCCCAATTACTACTACTACGGTATGGACGTCTGGGGCCAAGGGACCACGGTCACCGTCTCCTCA	GAGGTGCAGCTGGTGCAGTCTGGAGCA...GAGGTGAAAAAGCCCGGGGAGTCTCTGAAGATCTCCTGTAAGGGTTCTGGATACAGCTTT............ACCAGCTACTGGATCGGCTGGGTGCGCCAGATGCCCGGGAAAGGCCTGGAGTGGATGGGGATCATCTATCCTGGT......GACTCTGATACCAGATACAGCCCGTCCTTCCAA...GGCCAGGTCACCATCTCAGCCGACAAGTCCATCAGCACCGCCTACCTGCAGTGGAGCAGCCTGAAGGCCTCGGACACCGCCATGTATTACTGTGCGAGANNNNNNNNNNNNNNNNATACAGCTNNNNNNNNNNNNNNNNNNTACTACTACTACGGTATGGACGTCTGGGGCCAAGGGACCACGGTCACCGTCTCCTCA	TGTGCGAGATCCAACGGGAGATCTAATACAGCTCTGTTTTCCGGTCCCAATTACTACTACTACGGTATGGACGTCTGG	CARSNGRSNTALFSGPNYYYYGMDVW	IGH	IGHG1	78	117	410	1	318	453	509	6	62	GGTATTGTCATGCATG-1	2	GGTATTGTCATGCATG-1_contig_1	1
GGTATTGTCATGCATG-1_contig_1	CTGGGCCTCAGGAAGCAGCATCGGAGGTGCCTCAGCCATGGCATGGATCCCTCTCTTCCTCGGCGTCCTTGCTTACTGCACAGGATCCGTGGCCTCCTATGAGCTGACTCAGCCACCCTCAGTGTCCGTGTCCCCAGGACAGACAGCCAGCATCACCTGCTCTGGAGATAAATTGGGGGATAAATATGCTTACTGGTATCAGCAGAAGCCAGGCCAGTCCCCTGTGGTGGTCATCTATCAAGATAGCAAGCGGCCCTCAGGGATCCCTGAGCGATTCTCTGGCTCCAACTCTGGGAACACAGCCACTCTGACCATCAGCGGGACCCAGGCCATGGATGAGGCTGACTATTACTGTCAGACGTGGGACAGCAGCACTGAGGTGTTCGGCGGAGGGACCAAGCTGACCGTCCTAGGTCAGCCCAAGGCTGCCCCCTCGGTCACTCTGTTCCCGCCCTCCTCTGAGGAGCTTCAAGCCAACAAGGCCACACTGGTGTGTCTCATAAGTGACTTCTACCCGGGAGCCGTGACAGTGGCCTGGAAGGCAGATAGCAGCCCCGTCAAGGCGGGAGTGGAGACCACCACACCCTCCAAACAAAGCAACAACAAGTACGCGGCCAGCAGCTA	IGLV3-1*01	L	IGLJ3*02	TCCTATGAGCTGACTCAGCCACCCTCA...GTGTCCGTGTCCCCAGGACAGACAGCCAGCATCACCTGCTCTGGAGATAAATTGGGG..................GATAAATATGCTTACTGGTATCAGCAGAAGCCAGGCCAGTCCCCTGTGGTGGTCATCTATCAAGAT.....................AGCAAGCGGCCCTCAGGGATCCCT...GAGCGATTCTCTGGCTCCAAC......TCTGGGAACACAGCCACTCTGACCATCAGCGGGACCCAGGCCATGGATGAGGCTGACTATTACTGTCAGACGTGGGACAGCAGCACTGAGGTGTTCGGCGGAGGGACCAAGCTGACCGTCCTAG	TCCTATGAGCTGACTCAGCCACCCTCA...GTGTCCGTGTCCCCAGGACAGACAGCCAGCATCACCTGCTCTGGAGATAAATTGGGG..................GATAAATATGCTTGCTGGTATCAGCAGAAGCCAGGCCAGTCCCCTGTGCTGGTCATCTATCAAGAT.....................AGCAAGCGGCCCTCAGGGATCCCT...GAGCGATTCTCTGGCTCCAAC......TCTGGGAACACAGCCACTCTGACCATCAGCGGGACCCAGGCTATGGATGAGGCTGACTATTACTGTCAGGCGTGGGACAGCAGCACTGNGGTGTTCGGCGGAGGGACCAAGCTGACCGTCCTAG	TGTCAGACGTGGGACAGCAGCACTGAGGTGTTC	CQTWDSSTEVF	IGL	IGLC2	33	95	377	1	334	379	413	4	38	GGTATTGTCATGCATG-1	2	GGTATTGTCATGCATG-1_contig_2	1
TACCTTACATAACCTG-1_contig_1	GGGAGTGCTTTCTGAGAGTCACGGACCTCCGGCACAAGAGCATGAAACACCTGTGCTTCTTCCTCCTCCTGGTGGCAGCTCCCAGATGGGTCCTGTCCCAGGTGCAGTTACAACAGTGGGGCGCAGGACTGTTGAAGCCTTCGGAGACCCTGTCCCTCACGTGCTCTGGCTTAGGTGGGTCCTTCAGTGGTTATCACTGGACCTGGTTCCGCCAGCCTCCAGGGAAGGGGCTGGAGTTGATTGGGGACATTTATGATGGTGACGTCACCAAGTACAGCCCGTCCCTCAAGAGTCGAGTCACCATATCAGCAGACACGTCCAAGAAACAACTCTCCCTGAACCTGAGGTCTGTGACCGCCGCGGACACGGCTGTCTACTTCTGTGCGAGGGGGCGGTGGGACTACGGTGACTACCGTGTCTATGCCTTTGATATTTGGGGCCCTGGGACAATGGTCTCCGTCTCTTCAGCATCCCCGACCAGCCCCAAGGTCTTCCCGCTGAGCCTCTGCAGCACCCAGCCAGATGGGAACGTGGTCATCGCCTGCCTGGTCCAGGGCTTCTTCCCCCAGGAGCCACTCAGTGTGACCTGGAGCGAAAGCGGACAGGGCGTGACCGCCAGAAACTTCCC	IGHV4-34*02	H	IGHJ3*02	CAGGTGCAGTTACAACAGTGGGGCGCA...GGACTGTTGAAGCCTTCGGAGACCCTGTCCCTCACGTGCTCTGGCTTAGGTGGGTCCTTC............AGTGGTTATCACTGGACCTGGTTCCGCCAGCCTCCAGGGAAGGGGCTGGAGTTGATTGGGGACATTTATGATGGT.........GACGTCACCAAGTACAGCCCGTCCCTCAAG...AGTCGAGTCACCATATCAGCAGACACGTCCAAGAAACAACTCTCCCTGAACCTGAGGTCTGTGACCGCCGCGGACACGGCTGTCTACTTCTGTGCGAGGGGGCGGTGGGACTACGGTGACTACCGTGTCTATGCCTTTGATATTTGGGGCCCTGGGACAATGGTCTCCGTCTCTTCAG	CAGGTGCAGCTACAACAGTGGGGCGCA...GGACTGTTGAAGCCTTCGGAGACCCTGTCCCTCACCTGCGCTGTCTATGGTGGGTCCTTC............AGTGGTTACTACTGGAGCTGGATCCGCCAGCCCCCAGGGAAGGGGCTGGAGTGGATTGGGGAAATCAATCATAGT.........GGAAGCACCAACTACAACCCGTCCCTCAAG...AGTCGAGTCACCATATCAGTAGACACGTCCAAGAACCAGTTCTCCCTGAAGCTGAGCTCTGTGACCGCCGCGGACACGGCTGTGTATTACTGTGCGAGAGGNNNNNNNGACTACGGTGACTACNNNNNNNATGCTTTTGATATCTGGGGCCAAGGGACAATGGTCACCGTCTCTTCAG	TGTGCGAGGGGGCGGTGGGACTACGGTGACTACCGTGTCTATGCCTTTGATATTTGG	CARGRWDYGDYRVYAFDIW	IGH	IGHA1	57	99	391	1	320	421	468	3	50	TACCTTACATAACCTG-1	2	TACCTTACATAACCTG-1_contig_2	1
TACCTTACATAACCTG-1_contig_2	AGCTGTGGGCTCAGAAGCAGAGTTCTGGGGTGTCTCCACCATGGCCTGGACCCCTCTCTGGCTCACTCTCTTTACTCTTTGCATAGGTTCTGTGGTTTCTTCTGAGCTGACTCAGGACCCTGCTGTGTCTGTGGCCTGGGGACAGACAGTCAAGATCTCGTGCCAAGGAGACAGCCTCACAACCTATTATGCAAGTTGGTACCAGCAGAGGCCACAAAAGGCCCCTGTCCTTCTCCTCTATGGTCAAGACAAGCGCCCCTCAGGGATTCCAGACCGGTTCTCTGGCTCCTACTCAGGAGACAGAGCTTCCTTGACCATCACTGGGGCTCAGGCGGAAGATGAGGCTGACTATTACTGTAGCTCCCGGGACAACGGTGGTACTGTCTTCGGAACTGGGACCAGAGTCACCGTCCTCGGTCAGCCCAAGGCCAACCCCACTGTCACTCTGTTCCCGCCCTCCTCTGAGGAGCTCCAAGCCAACAAGGCCACACTAGTGTGTCTGATCAGTGACTTCTACCCGGGAGCTGTGACAGTGGCCTGGAAGGCAGATGGCAGCCCCGTCAAGGCGGGAGTGGAGACCACCAAACCCTCCAAACAGAGCAACAACAAGTACGCGGCCAGCAGCTA	IGLV3-19*01	L	IGLJ1*01	TCTTCTGAGCTGACTCAGGACCCTGCT...GTGTCTGTGGCCTGGGGACAGACAGTCAAGATCTCGTGCCAAGGAGACAGCCTCACA..................ACCTATTATGCAAGTTGGTACCAGCAGAGGCCACAAAAGGCCCCTGTCCTTCTCCTCTATGGTCAA.....................GACAAGCGCCCCTCAGGGATTCCA...GACCGGTTCTCTGGCTCCTAC......TCAGGAGACAGAGCTTCCTTGACCATCACTGGGGCTCAGGCGGAAGATGAGGCTGACTATTACTGTAGCTCCCGGGACAACGGTGGTACTGTCTTCGGAACTGGGACCAGAGTCACCGTCCT	TCTTCTGAGCTGACTCAGGACCCTGCT...GTGTCTGTGGCCTTGGGACAGACAGTCAGGATCACATGCCAAGGAGACAGCCTCAGA..................AGCTATTATGCAAGCTGGTACCAGCAGAAGCCAGGACAGGCCCCTGTACTTGTCATCTATGGTAAA.....................AACAACCGGCCCTCAGGGATCCCA...GACCGATTCTCTGGCTCCAGC......TCAGGAAACACAGCTTCCTTGACCATCACTGGGGCTCAGGCGGAAGATGAGGCTGACTATTACTGTAACTCCCGGGACAGCAGTGGTANTGTCTTCGGAACTGGGACCAAGGTCACCGTCCT	TGTAGCTCCCGGGACAACGGTGGTACTGTCTTC	CSSRDNGGTVF	IGL	IGLC1	33	98	380	1	334	382	414	4	36	TACCTTACATAACCTG-1	2	TACCTTACATAACCTG-1_contig_1	1
TAGACCAAGTGCCATT-1_contig_1	GGGATCACTCAACAACCACATCTGTCCTCTAGAGAAAACCCTGTGAGCACAGCTCCTCACCATGGACTGGACCTGGAGGATCCTCTTCTTGGTGGCAGCAGCTACAAGTGCCCACTCCCAGGTGCAGCTGGTGCAGTCTGGGGCTGAGGTGAAGAAGCCTGGGGCCTCAGTGAAGGTCTCCTGCAAGGCTTCTGGATACACCTTCACCAGTTATGATATCAACTGGGTGCGACAGGCCACTGGACAAGGGCTTGAGTGGATGGGATGGATGAACCCTAACAGTGGTAACACAGGCTATGCACAGAAGTTCCAGGGCAGAGTCACCATGACCAGGAACACCTCCATAAGCACAGCCTACATGGAGCTGAGCAGCCTGAGATCTGAGGACACGGCCGTGTATTACTGTGCGAGAGCTGCGGTCCGGATTCAGGGAAACTGGTTCGACCCCTGGGGCCAGGGAACCCTGGTCACCGTCTCCTCAGCATCCCCGACCAGCCCCAAGGTCTTCCCGCTGAGCCTCGACAGCACCCCCCAAGATGGGAACGTGGTCGTCGCATGCCTGGTCCAGGGCTTCTTCCCCCAGGAGCCACTCAGTGTGACCTGGAGCGAAAGCGGACAGAACGTGACCGCCAGAAACTTCCC	IGHV1-8*01	H	IGHJ5*02	CAGGTGCAGCTGGTGCAGTCTGGGGCT...GAGGTGAAGAAGCCTGGGGCCTCAGTGAAGGTCTCCTGCAAGGCTTCTGGATACACCTTC............ACCAGTTATGATATCAACTGGGTGCGACAGGCCACTGGACAAGGGCTTGAGTGGATGGGATGGATGAACCCTAAC......AGTGGTAACACAGGCTATGCACAGAAGTTCCAG...GGCAGAGTCACCATGACCAGGAACACCTCCATAAGCACAGCCTACATGGAGCTGAGCAGCCTGAGATCTGAGGACACGGCCGTGTATTACTGTGCGAGAGCTGCGGTCCGGATTCAGGGAAACTGGTTCGACCCCTGGGGCCAGGGAACCCTGGTCACCGTCTCCTCAG	CAGGTGCAGCTGGTGCAGTCTGGGGCT...GAGGTGAAGAAGCCTGGGGCCTCAGTGAAGGTCTCCTGCAAGGCTTCTGGATACACCTTC............ACCAGTTATGATATCAACTGGGTGCGACAGGCCACTGGACAAGGGCTTGAGTGGATGGGATGGATGAACCCTAAC......AGTGGTAACACAGGCTATGCACAGAAGTTCCAG...GGCAGAGTCACCATGACCAGGAACACCTCCATAAGCACAGCCTACATGGAGCTGAGCAGCCTGAGATCTGAGGACACGGCCGTGTATTACTGTGCGAGAGNNNNNNNCCGGANNNNNNNNAACTGGTTCGACCCCTGGGGCCAGGGAACCCTGGTCACCGTCTCCTCAG	TGTGCGAGAGCTGCGGTCCGGATTCAGGGAAACTGGTTCGACCCCTGG	CARAAVRIQGNWFDPW	IGH	IGHA2	48	119	413	1	319	434	482	3	51	TAGACCAAGTGCCATT-1	2	TAGACCAAGTGCCATT-1_contig_2	1
TAGACCAAGTGCCATT-1_contig_2	GAGCTACAACAGGCAGGCAGGGGCAGCAAGATGGTGTTGCAGACCCAGGTCTTCATTTCTCTGTTGCTCTGGATCTCTGGTGCCTACGGGGACATCGTGATGACCCAGTCTCCAGACTCCCTGGCTGTGTCTCTGGGCGAGAGGGCCACCATCAACTGCAAGTCCAGCCAGAGTGTTTTATACAGCTCCAACAATAAGAACTACTTAGCTTGGTACCAGCAGAAACCAGGACAGCCTCCTAAGCTGCTCATTTACTGGGCATCTACCCGGGAATCCGGGGTCCCTGACCGATTCAGTGGCAGCGGGTCTGGGACAGATTTCACTCTCACCATCAGCAGCCTGCAGGCTGAAGATGTGGCAGTTTATTACTGTCAGCAATATTATAGTTCTCGGACGTTCGGCCAAGGGACCAAGGTGGAAATCAAACGAACTGTGGCTGCACCATCTGTCTTCATCTTCCCGCCATCTGATGAGCAGTTGAAATCTGGAACTGCCTCTGTTGTGTGCCTGCTGAATAACTTCTATCCCAGAGAGGCCAAAGTACAGTGGAAGGTGGATAACGC	IGKV4-1*01	L	IGKJ1*01	GACATCGTGATGACCCAGTCTCCAGACTCCCTGGCTGTGTCTCTGGGCGAGAGGGCCACCATCAACTGCAAGTCCAGCCAGAGTGTTTTATACAGCTCCAACAATAAGAACTACTTAGCTTGGTACCAGCAGAAACCAGGACAGCCTCCTAAGCTGCTCATTTACTGGGCA.....................TCTACCCGGGAATCCGGGGTCCCT...GACCGATTCAGTGGCAGCGGG......TCTGGGACAGATTTCACTCTCACCATCAGCAGCCTGCAGGCTGAAGATGTGGCAGTTTATTACTGTCAGCAATATTATAGTTCTCGGACGTTCGGCCAAGGGACCAAGGTGGAAATCAAAC	GACATCGTGATGACCCAGTCTCCAGACTCCCTGGCTGTGTCTCTGGGCGAGAGGGCCACCATCAACTGCAAGTCCAGCCAGAGTGTTTTATACAGCTCCAACAATAAGAACTACTTAGCTTGGTACCAGCAGAAACCAGGACAGCCTCCTAAGCTGCTCATTTACTGGGCA.....................TCTACCCGGGAATCCGGGGTCCCT...GACCGATTCAGTGGCAGCGGG......TCTGGGACAGATTTCACTCTCACCATCAGCAGCCTGCAGGCTGAAGATGTGGCAGTTTATTACTGTCAGCAATATTATAGTACTCGGACGTTCGGCCAAGGGACCAAGGTGGAAATCAAAC	TGTCAGCAATATTATAGTTCTCGGACGTTC	CQQYYSSRTF	IGK	IGKC	30	91	391	1	331	392	427	3	38	TAGACCAAGTGCCATT-1	2	TAGACCAAGTGCCATT-1_contig_1	1
TACGGGCGTTGGTTTG-1_contig_2	GGGATGCTTTCTGAGAGTCATGGATCTCATGTGCAAGAAAATGAAGCACCTGTGGTTCTTCCTCCTGCTGGTGGCGGCTCCCAGATGGGTCCTGTCCCAGCTGCAACTGCAGGAGTCGGGCCCAGGACTGGTGAAGCCTTCGGAGACCCTGTCCCTCACCTGCACTGTCTCTGGTGGCTCCATCAGCGGTAGTAGTTATCACTGGGGCTGGATCCGCCAGCCCCCAGGAAAGGGGCTGGAGTGGATTGGGAATAAAGACTATACTGCGAACACCCACTACAACCCGTCCCTCAAGAGTCGAGGCACCATATCCGTAGACACGTCCAAGAACCAGTTTTCCCTGAAGCTGAGCTCTGTGACCGCCGCAGACACGGCTGTGTATTACTGTGCGAGACGGACAGCGCCTGGAAACTTTGACTATTGGGGCCAGGGAACCCTAGTCACCGTCTCCTCAGGGAGTGCATCCGCCCCAACCCTTTTCCCCCTCGTCTCCTGTGAGAATTCCCCGTCGGATACGAGCAGCGTG	IGHV4-39*01	H	IGHJ4*02	CAGCTGCAACTGCAGGAGTCGGGCCCA...GGACTGGTGAAGCCTTCGGAGACCCTGTCCCTCACCTGCACTGTCTCTGGTGGCTCCATCAGC......GGTAGTAGTTATCACTGGGGCTGGATCCGCCAGCCCCCAGGAAAGGGGCTGGAGTGGATTGGGAATAAAGACTATACT.........GCGAACACCCACTACAACCCGTCCCTCAAG...AGTCGAGGCACCATATCCGTAGACACGTCCAAGAACCAGTTTTCCCTGAAGCTGAGCTCTGTGACCGCCGCAGACACGGCTGTGTATTACTGTGCGAGACGGACAGCGCCTGGAAACTTTGACTATTGGGGCCAGGGAACCCTAGTCACCGTCTCCTCAG	CAGCTGCAGCTGCAGGAGTCGGGCCCA...GGACTGGTGAAGCCTTCGGAGACCCTGTCCCTCACCTGCACTGTCTCTGGTGGCTCCATCAGC......AGTAGTAGTTACTACTGGGGCTGGATCCGCCAGCCCCCAGGGAAGGGGCTGGAGTGGATTGGGAGTATCTATTATAGT.........GGGAGCACCTACTACAACCCGTCCCTCAAG...AGTCGAGTCACCATATCCGTAGACACGTCCAAGAACCAGTTCTCCCTGAAGCTGAGCTCTGTGACCGCCGCAGACACGGCTGTGTATTACTGTGCGAGACNNNNNNNNNCTGGAAACTTTGACTACTGGGGCCAGGGAACCCTGGTCACCGTCTCCTCAG	TGTGCGAGACGGACAGCGCCTGGAAACTTTGACTATTGG	CARRTAPGNFDYW	IGH	IGHM	39	98	395	1	319	411	455	4	48	TACGGGCGTTGGTTTG-1	2	TACGGGCGTTGGTTTG-1_contig_1	1
TACGGGCGTTGGTTTG-1_contig_1	AGGAGTCAGACCCAGTCAGGACACAGCATGGACATGAGGGTCCCCGCTCAGCTCCTGGGGCTCCTGCTGCTCTGGCTCCCAGGTGCCAAATGTGACATCCAGATGACCCAGTCTCCTTCCACCCTGTCTGCATCTGTAGGAGACAGAGTCACCATCACTTGCCGGGCCAGTCAGAGTATTAGTAACTGGTTGGCCTGGTATCAGCAGAAACCAGGGAAAGCCCCTAAGCTCCTGATCTATAAGGCGTCTGATTTAGAAAGTGGGGTCCCATCAAGGTTCAGCGGCAGTGGATCTGGGACAGAATTCACTCTCACCATCAGCAGCCTGCAGCCTGATGATTTTGCAACTTATTACTGCCAACAGTCTAATAGTTATTCTTTGCTCACTTTCGGCGGAGGGACCAAGGTAGAGATCAAACGAACTGTGGCTGCACCATCTGTCTTCATCTTCCCGCCATCTGATGAGCAGTTGAAATCTGGAACTGCCTCTGTTGTGTGCCTGCTGAATAACTTCTATCCCAGAGAGGCCAAAGTACAGTGGAAGGTGGATAACGC	IGKV1-5*03	L	IGKJ4*01	GACATCCAGATGACCCAGTCTCCTTCCACCCTGTCTGCATCTGTAGGAGACAGAGTCACCATCACTTGCCGGGCCAGTCAGAGTATT..................AGTAACTGGTTGGCCTGGTATCAGCAGAAACCAGGGAAAGCCCCTAAGCTCCTGATCTATAAGGCG.....................TCTGATTTAGAAAGTGGGGTCCCA...TCAAGGTTCAGCGGCAGTGGA......TCTGGGACAGAATTCACTCTCACCATCAGCAGCCTGCAGCCTGATGATTTTGCAACTTATTACTGCCAACAGTCTAATAGTTATTCTTTGCTCACTTTCGGCGGAGGGACCAAGGTAGAGATCAAAC	GACATCCAGATGACCCAGTCTCCTTCCACCCTGTCTGCATCTGTAGGAGACAGAGTCACCATCACTTGCCGGGCCAGTCAGAGTATT..................AGTAGCTGGTTGGCCTGGTATCAGCAGAAACCAGGGAAAGCCCCTAAGCTCCTGATCTATAAGGCG.....................TCTAGTTTAGAAAGTGGGGTCCCA...TCAAGGTTCAGCGGCAGTGGA......TCTGGGACAGAATTCACTCTCACCATCAGCAGCCTGCAGCCTGATGATTTTGCAACTTATTACTGCCAACAGTATAATAGTTATTCTNNGCTCACTTTCGGCGGAGGGACCAAGGTGGAGATCAAAC	TGCCAACAGTCTAATAGTTATTCTTTGCTCACTTTC	CQQSNSYSLLTF	IGK	IGKC	36	94	378	1	333	381	418	1	38	TACGGGCGTTGGTTTG-1	2	TACGGGCGTTGGTTTG-1_contig_2	1
GGGTTGCGTAAAGGAG-1_contig_2	TCCTTTCTCTTATGGGGGCTTTCTGAGAGTCATGGACCTCCTGTGCAAGAACATGAACCACCTGTGGTTCTTCCTCCTGCTGGTGGCGGCTCCCAGATGGGTCCTGTCCCAGCTGCAGCTGCAGGAGTCGGGCCCACGACTGGTGAGGCCTTCGGAGACCCTGTCCCTCACCTGCAGTGTCTCTGGTGGCTCCATCAATACTAATAGTTTCTACTGGGGCTGGATCCGCCAGCCCCCAGGGAAGGGCCTGGAGTGGATTGCGAATATCTATTATACTGGGAGCACCCACTACAACCCGTCCCTCAGGAGTCGAGTCTCCATGTCACTAGACACGTCGAAAAATCAGTTCTCCCTGAAGCTCAGCTCTGTGACCGCCGCGGACACGGCCATTTATTACTGTGCGAGTTATTACCAACTGCCAAAGGATGCCAATGACTACTGGGGCCAGGGAACCCTGGTCACCGTCTCCTCAGCCTCCACCAAGGGCCCATCGGTCTTCCCCCTGGCGCCCTGCTCCAGGAGCACCTCCGAGAGCACAGCGGCCCTGGGCTGCCTGGTCAAGGACTACTTCCCCGAACCGGTGACGGTGTCGTGGAACTCAGGCGCTCTGACCAGCGGCGTGCACACCTTCCCGGCTGTCCTACAGTCCTCAGGA	IGHV4-39*07	H	IGHJ4*02	CAGCTGCAGCTGCAGGAGTCGGGCCCA...CGACTGGTGAGGCCTTCGGAGACCCTGTCCCTCACCTGCAGTGTCTCTGGTGGCTCCATCAAT......ACTAATAGTTTCTACTGGGGCTGGATCCGCCAGCCCCCAGGGAAGGGCCTGGAGTGGATTGCGAATATCTATTATACT.........GGGAGCACCCACTACAACCCGTCCCTCAGG...AGTCGAGTCTCCATGTCACTAGACACGTCGAAAAATCAGTTCTCCCTGAAGCTCAGCTCTGTGACCGCCGCGGACACGGCCATTTATTACTGTGCGAGTTATTACCAACTGCCAAAGGATGCCAATGACTACTGGGGCCAGGGAACCCTGGTCACCGTCTCCTCAG	CAGCTGCAGCTGCAGGAGTCGGGCCCA...GGACTGGTGAAGCCTTCGGAGACCCTGTCCCTCACCTGCACTGTCTCTGGTGGCTCCATCAGC......AGTAGTAGTTACTACTGGGGCTGGATCCGCCAGCCCCCAGGGAAGGGGCTGGAGTGGATTGGGAGTATCTATTATAGT.........GGGAGCACCTACTACAACCCGTCCCTCAAG...AGTCGAGTCACCATATCAGTAGACACGTCCAAGAACCAGTTCTCCCTGAAGCTGAGCTCTGTGACCGCCGCGGACACGGCCGTGTATTACTGTGCGAGNNNNTACCAGCTGCNNNNNNNNNNNNNTGACTACTGGGGCCAGGGAACCCTGGTCACCGTCTCCTCAG	TGTGCGAGTTATTACCAACTGCCAAAGGATGCCAATGACTACTGG	CASYYQLPKDANDYW	IGH	IGHG2	45	110	405	1	317	433	473	8	48	GGGTTGCGTAAAGGAG-1	2	GGGTTGCGTAAAGGAG-1_contig_1	1
GGGTTGCGTAAAGGAG-1_contig_1	GTCAGAGCCCTGGGGAGGAACTGCTCAGTTAGGACCCAGAGGGAACCATGGAAGCCCCAGCTCAGCTTCTCTTCCTCCTGCTACTCTGGCTCCCAGATATTACCGGAGAAATTGTGTTGACACAGTCTCCAGCCACCCTGTCTTTGTCTCCAGGGGACAGAGCCACCCTCTCCTGCAGGGCCAGTCAGAGTGTTAGTAGTTACGTAGCCTGGTACCAACAGAAGCCTGGCCAGACTCCCAGGCTCCTCATCTATGCTGCCTCCAGCAGGGTCGCTGGCATCCCAGCCAGGTTCAGTGGCAGTGGGTCTGGGACAGACTTCACTCTCACCATCAGCAGCCTAGAGCCTGAAGATTTTGCCGTTTATTACTGTCAGCACCGCAACAACTGGCCTCTGCTCACCTTCGGCGGAGGGACCAAGGTGGAGATCAAACGAACTGTGGCTGCACCATCTGTCTTCATCTTCCCGCCATCTGATGAGCAGTTGAAATCTGGAACTGCCTCTGTTGTGTGCCTGCTGAATAACTTCTATCCCAGAGAGGCCAAAGTACAGTGGAAGGTGGATAACGC	IGKV3-11*01	L	IGKJ4*01	GAAATTGTGTTGACACAGTCTCCAGCCACCCTGTCTTTGTCTCCAGGGGACAGAGCCACCCTCTCCTGCAGGGCCAGTCAGAGTGTT..................AGTAGTTACGTAGCCTGGTACCAACAGAAGCCTGGCCAGACTCCCAGGCTCCTCATCTATGCTGCC.....................TCCAGCAGGGTCGCTGGCATCCCA...GCCAGGTTCAGTGGCAGTGGG......TCTGGGACAGACTTCACTCTCACCATCAGCAGCCTAGAGCCTGAAGATTTTGCCGTTTATTACTGTCAGCACCGCAACAACTGGCCTCTGCTCACCTTCGGCGGAGGGACCAAGGTGGAGATCAAAC	GAAATTGTGTTGACACAGTCTCCAGCCACCCTGTCTTTGTCTCCAGGGGAAAGAGCCACCCTCTCCTGCAGGGCCAGTCAGAGTGTT..................AGCAGCTACTTAGCCTGGTACCAACAGAAACCTGGCCAGGCTCCCAGGCTCCTCATCTATGATGCA.....................TCCAACAGGGCCACTGGCATCCCA...GCCAGGTTCAGTGGCAGTGGG......TCTGGGACAGACTTCACTCTCACCATCAGCAGCCTAGAGCCTGAAGATTTTGCAGTTTATTACTGTCAGCAGCGTAGCAACTGGCCTCNGCTCACTTTCGGCGGAGGGACCAAGGTGGAGATCAAAC	TGTCAGCACCGCAACAACTGGCCTCTGCTCACCTTC	CQHRNNWPLLTF	IGK	IGKC	36	108	393	1	334	395	432	1	38	GGGTTGCGTAAAGGAG-1	2	GGGTTGCGTAAAGGAG-1_contig_2	1
TTGCGTCCAGATGGCA-1_contig_2	TGGGGACCCAAAAACCACACCCCTCCTTGGGAGAATCCCCTAGATCACAGCTCCTCACCATGGACTGGACCTGGAGCATCCTTTTCTTGGTGGCAGCAGCAACAGGTGCCCACTCCCAGGTTCAGCTGGTGCAGTCTGGAGCTGAGGTGAAGAAGCCTGGGGCCTCAGTGAAGGTCTCCTGCAAGGCTTCTGGTTACACCTTTACCAGCTATGGTATCAGCTGGGTGCGACAGGCCCCTGGACAAGGGCTTGAGTGGATGGGACGGATCAGCGTCTACAATGGCAACACAAACTATGCACAGAAGCTCCAGGGCAGAGTCACCATGACCACAGACACATCCACGAGCACAGCCTACATGGAGCTGAGGAGCCTGAGATCTGACGACACGGCCGTGTATTACTGTGCGAGAGATCGCCTATGGTTCGGGGAGTCCATTGACTACTGGGGCCAGGGAACCCTGGTCACCGTCTCCTCAGCCTCCACCAAGGGCCCATCGGTCTTCCCCCTGGCACCCTCCTCCAAGAGCACCTCTGGGGGCACAGCGGCCCTGGGCTGCCTGGTCAAGGACTACTTCCCCGAACCGGTGACGGTGTCATGGAACTCAGGCGCCCTGACCAGCGGCGTGCACACCTTCCCGGCTGTCCTACAGTCCTCAGGA	IGHV1-18*01	H	IGHJ4*02	CAGGTTCAGCTGGTGCAGTCTGGAGCT...GAGGTGAAGAAGCCTGGGGCCTCAGTGAAGGTCTCCTGCAAGGCTTCTGGTTACACCTTT............ACCAGCTATGGTATCAGCTGGGTGCGACAGGCCCCTGGACAAGGGCTTGAGTGGATGGGACGGATCAGCGTCTAC......AATGGCAACACAAACTATGCACAGAAGCTCCAG...GGCAGAGTCACCATGACCACAGACACATCCACGAGCACAGCCTACATGGAGCTGAGGAGCCTGAGATCTGACGACACGGCCGTGTATTACTGTGCGAGAGATCGCCTATGGTTCGGGGAGTCCATTGACTACTGGGGCCAGGGAACCCTGGTCACCGTCTCCTCAG	CAGGTTCAGCTGGTGCAGTCTGGAGCT...GAGGTGAAGAAGCCTGGGGCCTCAGTGAAGGTCTCCTGCAAGGCTTCTGGTTACACCTTT............ACCAGCTATGGTATCAGCTGGGTGCGACAGGCCCCTGGACAAGGGCTTGAGTGGATGGGATGGATCAGCGCTTAC......AATGGTAACACAAACTATGCACAGAAGCTCCAG...GGCAGAGTCACCATGACCACAGACACATCCACGAGCACAGCCTACATGGAGCTGAGGAGCCTGAGATCTGACGACACGGCCGTGTATTACTGTGCGAGAGANNNNCTATGGTTCGGGGAGTNNNTTGACTACTGGGGCCAGGGAACCCTGGTCACCGTCTCCTCAG	TGTGCGAGAGATCGCCTATGGTTCGGGGAGTCCATTGACTACTGG	CARDRLWFGESIDYW	IGH	IGHG1	45	117	412	1	320	436	477	7	48	TTGCGTCCAGATGGCA-1	2	TTGCGTCCAGATGGCA-1_contig_1	1
TTGCGTCCAGATGGCA-1_contig_1	TTATGGGGAGGAATCAGTCCCACTCAGGACACAGCATGGACATGAGGGTCCCCGCTCAGCTCCTGGGGCTCCTGCTGCTCTGGTTCCCAGGTGCCAGGTGTGACATCCAGATGACCCAGGCTCCATCCTCCCTGTCTGCATCTGTAGGAGACAGAGTCACCATCACTTGCCGGGCAAGTCAGGGCATTAGAAATGATTTAGGCTGGTATCAGCAGAAGCCAGGGAGAGCCCCTGAGCGCCTGATCTATGCTGCATCCAGTTTGCAAAGTGGGGTCCCATCAAGGTTCAGCGGCAGTGGATCTGGGACAGAATTCACTCTCACAATCAGCAGCCTGCAGCCTGAAGATTTTGCAACTTATTACTGTCTACAGCATTATATTTACCCATGCACTTTTGGCCAGGGGACCAAGCTGGAGATCAAACGAACTGTGGCTGCACCATCTGTCTTCATCTTCCCGCCATCTGATGAGCAGTTGAAATCTGGAACTGCCTCTGTTGTGTGCCTGCTGAATAACTTCTATCCCAGAGAGGCCAAAGTACAGTGGAAGGTGGATAACGC	IGKV1-17*01	L	IGKJ2*02	GACATCCAGATGACCCAGGCTCCATCCTCCCTGTCTGCATCTGTAGGAGACAGAGTCACCATCACTTGCCGGGCAAGTCAGGGCATT..................AGAAATGATTTAGGCTGGTATCAGCAGAAGCCAGGGAGAGCCCCTGAGCGCCTGATCTATGCTGCA.....................TCCAGTTTGCAAAGTGGGGTCCCA...TCAAGGTTCAGCGGCAGTGGA......TCTGGGACAGAATTCACTCTCACAATCAGCAGCCTGCAGCCTGAAGATTTTGCAACTTATTACTGTCTACAGCATTATATTTACCCATGCACTTTTGGCCAGGGGACCAAGCTGGAGATCAAAC	GACATCCAGATGACCCAGTCTCCATCCTCCCTGTCTGCATCTGTAGGAGACAGAGTCACCATCACTTGCCGGGCAAGTCAGGGCATT..................AGAAATGATTTAGGCTGGTATCAGCAGAAACCAGGGAAAGCCCCTAAGCGCCTGATCTATGCTGCA.....................TCCAGTTTGCAAAGTGGGGTCCCA...TCAAGGTTCAGCGGCAGTGGA......TCTGGGACAGAATTCACTCTCACAATCAGCAGCCTGCAGCCTGAAGATTTTGCAACTTATTACTGTCTACAGCATAATAGTTACCCNTGCACTTTTGGCCAGGGGACCAAGCTGGAGATCAAAC	TGTCTACAGCATTATATTTACCCATGCACTTTT	CLQHYIYPCTF	IGK	IGKC	33	102	385	1	332	387	423	2	38	TTGCGTCCAGATGGCA-1	2	TTGCGTCCAGATGGCA-1_contig_2	1
TCTGAGAAGAGCCCAA-1_contig_2	TGGGGAGTGACTCCTGTGCCCCACCATGGACACACTTTGCTCCACGCTCCTGCTGCTGACCATCCCTTCATGGGTCTTGTCCCAGATCACCTTGAAGGAGTCTGGTCCTACGTTGGTGAAACCCACACAGACCCTCACGCTGTCCTGCACCTTCTCTGGGTTCTCACTCAGCACTAGTGAAGTGCATGTGGGCTGGATCCGTCAGCCCCCAGGAAAGGCCCTGGAGTGCCTTGCGCGCATTTCTGGGACTGATGATAAGTGGCACAGCCCATCTCTGAGGAGCAGACTCACCATTACCAAGGACACCTCCAAAAATCAGGTTGTCCTTACAATGACCAACATGTACCCTGAGGACACAGGCACATACTACTGTGCACACAGAAAGCGATTGGATAGTGGTGACTGGTTTACGTTTGACTCCTGGGGCCAGGGAACCCTGGTCACCGTCTCCTCAGCCTCCACCAAGGGCCCATCGGTCTTCCCCCTGGCGCCCTGCTCCAGGAGCACCTCCGAGAGCACAGCGGCCCTGGGCTGCCTGGTCAAGGACTACTTCCCCGAACCGGTGACGGTGTCGTGGAACTCAGGCGCTCTGACCAGCGGCGTGCACACCTTCCCGGCTGTCCTACAGTCCTCAGGA	IGHV2-5*01	H	IGHJ4*02	CAGATCACCTTGAAGGAGTCTGGTCCT...ACGTTGGTGAAACCCACACAGACCCTCACGCTGTCCTGCACCTTCTCTGGGTTCTCACTCAGC......ACTAGTGAAGTGCATGTGGGCTGGATCCGTCAGCCCCCAGGAAAGGCCCTGGAGTGCCTTGCGCGCATTTCTGGGACT.........GATGATAAGTGGCACAGCCCATCTCTGAGG...AGCAGACTCACCATTACCAAGGACACCTCCAAAAATCAGGTTGTCCTTACAATGACCAACATGTACCCTGAGGACACAGGCACATACTACTGTGCACACAGAAAGCGATTGGATAGTGGTGACTGGTTTACGTTTGACTCCTGGGGCCAGGGAACCCTGGTCACCGTCTCCTCAG	CAGATCACCTTGAAGGAGTCTGGTCCT...ACGCTGGTGAAACCCACACAGACCCTCACGCTGACCTGCACCTTCTCTGGGTTCTCACTCAGC......ACTAGTGGAGTGGGTGTGGGCTGGATCCGTCAGCCCCCAGGAAAGGCCCTGGAGTGGCTTGCACTCATTTATTGGAAT.........GATGATAAGCGCTACAGCCCATCTCTGAAG...AGCAGGCTCACCATCACCAAGGACACCTCCAAAAACCAGGTGGTCCTTACAATGACCAACATGGACCCTGTGGACACAGCCACATATTACTGTGCACACAGANNNNNNNNNNNNNGTGGTGACTGNNNNNNNTTTGACTACTGGGGCCAGGGAACCCTGGTCACCGTCTCCTCAG	TGTGCACACAGAAAGCGATTGGATAGTGGTGACTGGTTTACGTTTGACTCCTGG	CAHRKRLDSGDWFTFDSW	IGH	IGHG2	54	83	382	1	321	413	455	6	48	TCTGAGAAGAGCCCAA-1	2	TCTGAGAAGAGCCCAA-1_contig_1	1
TCTGAGAAGAGCCCAA-1_contig_1	GAGCTACAACAGGCAGGCAGGGGCAGCAAGATGGTGTTGCAGACCCAGGTCTTCATTTCTCTGTTGCTCTGGATCTCTGGTGCCTACGGGGACATCGTGATGACCCAGTCTCCAGACTCCCTGGCTGTGTCTCTGGGCGAGAGGGCCACCATCAACTGCAGGTCCAGCCAGAGTGTTTTTTTCAGGCCCAACAATAAGAACTACTTAGCTTGGTATCAGCAAAAACCACGACAGCCTCCTAAGTTGCTCATTTACTGGGCATCTACCCGGGAATCCGGGGTCCCTGACCGATTCAGTGGCAGCGGGTCTGGGACAGACTTCACTCTCACCATCAGCAGCCTGCAGACTGAAGATGTGGCAGTTTATTACTGTCAGCAATATTATGGTGGTATGCTCACTTTCGGCGGAGGGACCAAGGTGGAGATCAAACGAACTGTGGCTGCACCATCTGTCTTCATCTTCCCGCCATCTGATGAGCAGTTGAAATCTGGAACTGCCTCTGTTGTGTGCCTGCTGAATAACTTCTATCCCAGAGAGGCCAAAGTACAGTGGAAGGTGGATAACGC	IGKV4-1*01	L	IGKJ4*01	GACATCGTGATGACCCAGTCTCCAGACTCCCTGGCTGTGTCTCTGGGCGAGAGGGCCACCATCAACTGCAGGTCCAGCCAGAGTGTTTTTTTCAGGCCCAACAATAAGAACTACTTAGCTTGGTATCAGCAAAAACCACGACAGCCTCCTAAGTTGCTCATTTACTGGGCA.....................TCTACCCGGGAATCCGGGGTCCCT...GACCGATTCAGTGGCAGCGGG......TCTGGGACAGACTTCACTCTCACCATCAGCAGCCTGCAGACTGAAGATGTGGCAGTTTATTACTGTCAGCAATATTATGGTGGTATGCTCACTTTCGGCGGAGGGACCAAGGTGGAGATCAAAC	GACATCGTGATGACCCAGTCTCCAGACTCCCTGGCTGTGTCTCTGGGCGAGAGGGCCACCATCAACTGCAAGTCCAGCCAGAGTGTTTTATACAGCTCCAACAATAAGAACTACTTAGCTTGGTACCAGCAGAAACCAGGACAGCCTCCTAAGCTGCTCATTTACTGGGCA.....................TCTACCCGGGAATCCGGGGTCCCT...GACCGATTCAGTGGCAGCGGG......TCTGGGACAGATTTCACTCTCACCATCAGCAGCCTGCAGGCTGAAGATGTGGCAGTTTATTACTGTCAGCAATATTATAGTNNNNNGCTCACTTTCGGCGGAGGGACCAAGGTGGAGATCAAAC	TGTCAGCAATATTATGGTGGTATGCTCACTTTC	CQQYYGGMLTF	IGK	IGKC	33	91	387	1	327	393	430	1	38	TCTGAGAAGAGCCCAA-1	2	TCTGAGAAGAGCCCAA-1_contig_2	1
