Source Name	Comment[ENA_SAMPLE]	Comment[BioSD_SAMPLE]	Characteristics[individual]	Characteristics[organism]	Characteristics[developmental stage]	Characteristics[age]	Unit[time unit]	Term Source REF	Term Accession Number	Characteristics[sex]	Characteristics[disease]	Characteristics[organism part]	Characteristics[cell type]	Characteristics[time]	Characteristics[replicate label]	Material Type	Protocol REF	Protocol REF	Protocol REF	Extract Name	Comment[LIBRARY_LAYOUT]	Comment[LIBRARY_SELECTION]	Comment[LIBRARY_SOURCE]	Comment[LIBRARY_STRAND]	Comment[LIBRARY_STRATEGY]	Comment[ORIENTATION]	Protocol REF	Performer	Assay Name	Technology Type	Comment[ENA_EXPERIMENT]	Scan Name	Comment[SUBMITTED_FILE_NAME]	Comment[ENA_RUN]	Comment[FASTQ_URI]	Factor Value[time]	Factor Value[cell type]
Sample 1	ERS8953490	SAMEA11308629	AT	Homo sapiens	adult	23	year	EFO	UO_0000036	male	normal	peripheral blood	memory B cell	p01	1	cell	P-MTAB-116471	P-MTAB-116472	P-MTAB-116473	Sample 1	PAIRED	PCR	TRANSCRIPTOMIC	not applicable	AMPLICON	5'-3'-3'-5'	P-MTAB-116474	Evrogen JSC	Sample 1	sequencing assay	ERX6994631	AT_p01_Bmem_1_GTAGAGGA-AGAGTAGA_L00M_R2_001.fastq.gz	AT_p01_Bmem_1_GTAGAGGA-AGAGTAGA_L00M_R2_001.fastq.gz	ERR7425533	ftp://ftp.sra.ebi.ac.uk/vol1/fastq/ERR742/003/ERR7425533/ERR7425533_1.fastq.gz	p01	memory B cell
Sample 1	ERS8953490	SAMEA11308629	AT	Homo sapiens	adult	23	year	EFO	UO_0000036	male	normal	peripheral blood	memory B cell	p01	1	cell	P-MTAB-116471	P-MTAB-116472	P-MTAB-116473	Sample 1	PAIRED	PCR	TRANSCRIPTOMIC	not applicable	AMPLICON	5'-3'-3'-5'	P-MTAB-116474	Evrogen JSC	Sample 1	sequencing assay	ERX6994631	AT_p01_Bmem_1_GTAGAGGA-AGAGTAGA_L00M_R1_001.fastq.gz	AT_p01_Bmem_1_GTAGAGGA-AGAGTAGA_L00M_R1_001.fastq.gz	ERR7425533	ftp://ftp.sra.ebi.ac.uk/vol1/fastq/ERR742/003/ERR7425533/ERR7425533_2.fastq.gz	p01	memory B cell
Sample 16	ERS8953491	SAMEA11308630	D01	Homo sapiens	adult	27	year	EFO	UO_0000036	female	normal	peripheral blood	memory B cell	p02	1	cell	P-MTAB-116471	P-MTAB-116472	P-MTAB-116473	Sample 16	PAIRED	PCR	TRANSCRIPTOMIC	not applicable	AMPLICON	5'-3'-3'-5'	P-MTAB-116474	Evrogen JSC	Sample 16	sequencing assay	ERX6994632	D01_p02_Bmem_1_GCTCATGA-TAGATCGC_L00M_R1_001.fastq.gz	D01_p02_Bmem_1_GCTCATGA-TAGATCGC_L00M_R1_001.fastq.gz	ERR7425534	ftp://ftp.sra.ebi.ac.uk/vol1/fastq/ERR742/004/ERR7425534/ERR7425534_1.fastq.gz	p02	memory B cell
Sample 16	ERS8953491	SAMEA11308630	D01	Homo sapiens	adult	27	year	EFO	UO_0000036	female	normal	peripheral blood	memory B cell	p02	1	cell	P-MTAB-116471	P-MTAB-116472	P-MTAB-116473	Sample 16	PAIRED	PCR	TRANSCRIPTOMIC	not applicable	AMPLICON	5'-3'-3'-5'	P-MTAB-116474	Evrogen JSC	Sample 16	sequencing assay	ERX6994632	D01_p02_Bmem_1_GCTCATGA-TAGATCGC_L00M_R2_001.fastq.gz	D01_p02_Bmem_1_GCTCATGA-TAGATCGC_L00M_R2_001.fastq.gz	ERR7425534	ftp://ftp.sra.ebi.ac.uk/vol1/fastq/ERR742/004/ERR7425534/ERR7425534_2.fastq.gz	p02	memory B cell
Sample 17	ERS8953492	SAMEA11308631	D01	Homo sapiens	adult	27	year	EFO	UO_0000036	female	normal	peripheral blood	memory B cell	p02	3	cell	P-MTAB-116471	P-MTAB-116472	P-MTAB-116473	Sample 17	PAIRED	PCR	TRANSCRIPTOMIC	not applicable	AMPLICON	5'-3'-3'-5'	P-MTAB-116474	Evrogen JSC	Sample 17	sequencing assay	ERX6994633	D01_p02_Bmem_3_GCTCATGA-TATCCTCT_L00M_R1_001.fastq.gz	D01_p02_Bmem_3_GCTCATGA-TATCCTCT_L00M_R1_001.fastq.gz	ERR7425535	ftp://ftp.sra.ebi.ac.uk/vol1/fastq/ERR742/005/ERR7425535/ERR7425535_1.fastq.gz	p02	memory B cell
Sample 17	ERS8953492	SAMEA11308631	D01	Homo sapiens	adult	27	year	EFO	UO_0000036	female	normal	peripheral blood	memory B cell	p02	3	cell	P-MTAB-116471	P-MTAB-116472	P-MTAB-116473	Sample 17	PAIRED	PCR	TRANSCRIPTOMIC	not applicable	AMPLICON	5'-3'-3'-5'	P-MTAB-116474	Evrogen JSC	Sample 17	sequencing assay	ERX6994633	D01_p02_Bmem_3_GCTCATGA-TATCCTCT_L00M_R2_001.fastq.gz	D01_p02_Bmem_3_GCTCATGA-TATCCTCT_L00M_R2_001.fastq.gz	ERR7425535	ftp://ftp.sra.ebi.ac.uk/vol1/fastq/ERR742/005/ERR7425535/ERR7425535_2.fastq.gz	p02	memory B cell
Sample 22	ERS8953493	SAMEA11308632	D01	Homo sapiens	adult	27	year	EFO	UO_0000036	female	normal	peripheral blood	memory B cell	p03	1	cell	P-MTAB-116471	P-MTAB-116472	P-MTAB-116473	Sample 22	PAIRED	PCR	TRANSCRIPTOMIC	not applicable	AMPLICON	5'-3'-3'-5'	P-MTAB-116474	Evrogen JSC	Sample 22	sequencing assay	ERX6994634	D01_p03_Bmem_1_AGGCAGAA-AGAGTAGA_L00M_R2_001.fastq.gz	D01_p03_Bmem_1_AGGCAGAA-AGAGTAGA_L00M_R2_001.fastq.gz	ERR7425536	ftp://ftp.sra.ebi.ac.uk/vol1/fastq/ERR742/006/ERR7425536/ERR7425536_1.fastq.gz	p03	memory B cell
Sample 22	ERS8953493	SAMEA11308632	D01	Homo sapiens	adult	27	year	EFO	UO_0000036	female	normal	peripheral blood	memory B cell	p03	1	cell	P-MTAB-116471	P-MTAB-116472	P-MTAB-116473	Sample 22	PAIRED	PCR	TRANSCRIPTOMIC	not applicable	AMPLICON	5'-3'-3'-5'	P-MTAB-116474	Evrogen JSC	Sample 22	sequencing assay	ERX6994634	D01_p03_Bmem_1_AGGCAGAA-AGAGTAGA_L00M_R1_001.fastq.gz	D01_p03_Bmem_1_AGGCAGAA-AGAGTAGA_L00M_R1_001.fastq.gz	ERR7425536	ftp://ftp.sra.ebi.ac.uk/vol1/fastq/ERR742/006/ERR7425536/ERR7425536_2.fastq.gz	p03	memory B cell
Sample 23	ERS8953494	SAMEA11308633	D01	Homo sapiens	adult	27	year	EFO	UO_0000036	female	normal	peripheral blood	memory B cell	p03	2	cell	P-MTAB-116471	P-MTAB-116472	P-MTAB-116473	Sample 23	PAIRED	PCR	TRANSCRIPTOMIC	not applicable	AMPLICON	5'-3'-3'-5'	P-MTAB-116474	Evrogen JSC	Sample 23	sequencing assay	ERX6994635	D01_p03_Bmem_2_TCCTGAGC-AGAGTAGA_L00M_R1_001.fastq.gz	D01_p03_Bmem_2_TCCTGAGC-AGAGTAGA_L00M_R1_001.fastq.gz	ERR7425537	ftp://ftp.sra.ebi.ac.uk/vol1/fastq/ERR742/007/ERR7425537/ERR7425537_1.fastq.gz	p03	memory B cell
Sample 23	ERS8953494	SAMEA11308633	D01	Homo sapiens	adult	27	year	EFO	UO_0000036	female	normal	peripheral blood	memory B cell	p03	2	cell	P-MTAB-116471	P-MTAB-116472	P-MTAB-116473	Sample 23	PAIRED	PCR	TRANSCRIPTOMIC	not applicable	AMPLICON	5'-3'-3'-5'	P-MTAB-116474	Evrogen JSC	Sample 23	sequencing assay	ERX6994635	D01_p03_Bmem_2_TCCTGAGC-AGAGTAGA_L00M_R2_001.fastq.gz	D01_p03_Bmem_2_TCCTGAGC-AGAGTAGA_L00M_R2_001.fastq.gz	ERR7425537	ftp://ftp.sra.ebi.ac.uk/vol1/fastq/ERR742/007/ERR7425537/ERR7425537_2.fastq.gz	p03	memory B cell
Sample 31	ERS8953495	SAMEA11308634	IM	Homo sapiens	adult	39	year	EFO	UO_0000036	male	normal	peripheral blood	memory B cell	p01	1	cell	P-MTAB-116471	P-MTAB-116472	P-MTAB-116473	Sample 31	PAIRED	PCR	TRANSCRIPTOMIC	not applicable	AMPLICON	5'-3'-3'-5'	P-MTAB-116474	Evrogen JSC	Sample 31	sequencing assay	ERX6994636	IM_p01_Bmem_1_CAGAGAGG-GTAAGGAG_L00M_R1_001.fastq.gz	IM_p01_Bmem_1_CAGAGAGG-GTAAGGAG_L00M_R1_001.fastq.gz	ERR7425538	ftp://ftp.sra.ebi.ac.uk/vol1/fastq/ERR742/008/ERR7425538/ERR7425538_1.fastq.gz	p01	memory B cell
Sample 31	ERS8953495	SAMEA11308634	IM	Homo sapiens	adult	39	year	EFO	UO_0000036	male	normal	peripheral blood	memory B cell	p01	1	cell	P-MTAB-116471	P-MTAB-116472	P-MTAB-116473	Sample 31	PAIRED	PCR	TRANSCRIPTOMIC	not applicable	AMPLICON	5'-3'-3'-5'	P-MTAB-116474	Evrogen JSC	Sample 31	sequencing assay	ERX6994636	IM_p01_Bmem_1_CAGAGAGG-GTAAGGAG_L00M_R2_001.fastq.gz	IM_p01_Bmem_1_CAGAGAGG-GTAAGGAG_L00M_R2_001.fastq.gz	ERR7425538	ftp://ftp.sra.ebi.ac.uk/vol1/fastq/ERR742/008/ERR7425538/ERR7425538_2.fastq.gz	p01	memory B cell
Sample 34	ERS8953496	SAMEA11308635	IM	Homo sapiens	adult	39	year	EFO	UO_0000036	male	normal	peripheral blood	memory B cell	p02	1	cell	P-MTAB-116471	P-MTAB-116472	P-MTAB-116473	Sample 34	PAIRED	PCR	TRANSCRIPTOMIC	not applicable	AMPLICON	5'-3'-3'-5'	P-MTAB-116474	Evrogen JSC	Sample 34	sequencing assay	ERX6994637	IM_p02_Bmem_1_GCTCATGA-AGAGTAGA_L00M_R1_001.fastq.gz	IM_p02_Bmem_1_GCTCATGA-AGAGTAGA_L00M_R1_001.fastq.gz	ERR7425539	ftp://ftp.sra.ebi.ac.uk/vol1/fastq/ERR742/009/ERR7425539/ERR7425539_1.fastq.gz	p02	memory B cell
Sample 34	ERS8953496	SAMEA11308635	IM	Homo sapiens	adult	39	year	EFO	UO_0000036	male	normal	peripheral blood	memory B cell	p02	1	cell	P-MTAB-116471	P-MTAB-116472	P-MTAB-116473	Sample 34	PAIRED	PCR	TRANSCRIPTOMIC	not applicable	AMPLICON	5'-3'-3'-5'	P-MTAB-116474	Evrogen JSC	Sample 34	sequencing assay	ERX6994637	IM_p02_Bmem_1_GCTCATGA-AGAGTAGA_L00M_R2_001.fastq.gz	IM_p02_Bmem_1_GCTCATGA-AGAGTAGA_L00M_R2_001.fastq.gz	ERR7425539	ftp://ftp.sra.ebi.ac.uk/vol1/fastq/ERR742/009/ERR7425539/ERR7425539_2.fastq.gz	p02	memory B cell
Sample 35	ERS8953497	SAMEA11308636	IM	Homo sapiens	adult	39	year	EFO	UO_0000036	male	normal	peripheral blood	memory B cell	p02	2	cell	P-MTAB-116471	P-MTAB-116472	P-MTAB-116473	Sample 35	PAIRED	PCR	TRANSCRIPTOMIC	not applicable	AMPLICON	5'-3'-3'-5'	P-MTAB-116474	Evrogen JSC	Sample 35	sequencing assay	ERX6994638	IM_p02_Bmem_2_GCTCATGA-GTAAGGAG_L00M_R1_001.fastq.gz	IM_p02_Bmem_2_GCTCATGA-GTAAGGAG_L00M_R1_001.fastq.gz	ERR7425540	ftp://ftp.sra.ebi.ac.uk/vol1/fastq/ERR742/000/ERR7425540/ERR7425540_1.fastq.gz	p02	memory B cell
Sample 35	ERS8953497	SAMEA11308636	IM	Homo sapiens	adult	39	year	EFO	UO_0000036	male	normal	peripheral blood	memory B cell	p02	2	cell	P-MTAB-116471	P-MTAB-116472	P-MTAB-116473	Sample 35	PAIRED	PCR	TRANSCRIPTOMIC	not applicable	AMPLICON	5'-3'-3'-5'	P-MTAB-116474	Evrogen JSC	Sample 35	sequencing assay	ERX6994638	IM_p02_Bmem_2_GCTCATGA-GTAAGGAG_L00M_R2_001.fastq.gz	IM_p02_Bmem_2_GCTCATGA-GTAAGGAG_L00M_R2_001.fastq.gz	ERR7425540	ftp://ftp.sra.ebi.ac.uk/vol1/fastq/ERR742/000/ERR7425540/ERR7425540_2.fastq.gz	p02	memory B cell
Sample 39	ERS8953498	SAMEA11308637	IM	Homo sapiens	adult	39	year	EFO	UO_0000036	male	normal	peripheral blood	memory B cell	p03	1	cell	P-MTAB-116471	P-MTAB-116472	P-MTAB-116473	Sample 39	PAIRED	PCR	TRANSCRIPTOMIC	not applicable	AMPLICON	5'-3'-3'-5'	P-MTAB-116474	Evrogen JSC	Sample 39	sequencing assay	ERX6994639	IM_p03_Bmem_1_TAGGCATG-AGAGTAGA_L00M_R1_001.fastq.gz	IM_p03_Bmem_1_TAGGCATG-AGAGTAGA_L00M_R1_001.fastq.gz	ERR7425541	ftp://ftp.sra.ebi.ac.uk/vol1/fastq/ERR742/001/ERR7425541/ERR7425541_1.fastq.gz	p03	memory B cell
Sample 39	ERS8953498	SAMEA11308637	IM	Homo sapiens	adult	39	year	EFO	UO_0000036	male	normal	peripheral blood	memory B cell	p03	1	cell	P-MTAB-116471	P-MTAB-116472	P-MTAB-116473	Sample 39	PAIRED	PCR	TRANSCRIPTOMIC	not applicable	AMPLICON	5'-3'-3'-5'	P-MTAB-116474	Evrogen JSC	Sample 39	sequencing assay	ERX6994639	IM_p03_Bmem_1_TAGGCATG-AGAGTAGA_L00M_R2_001.fastq.gz	IM_p03_Bmem_1_TAGGCATG-AGAGTAGA_L00M_R2_001.fastq.gz	ERR7425541	ftp://ftp.sra.ebi.ac.uk/vol1/fastq/ERR742/001/ERR7425541/ERR7425541_2.fastq.gz	p03	memory B cell
Sample 4	ERS8953499	SAMEA11308638	AT	Homo sapiens	adult	23	year	EFO	UO_0000036	male	normal	peripheral blood	memory B cell	p02	1	cell	P-MTAB-116471	P-MTAB-116472	P-MTAB-116473	Sample 4	PAIRED	PCR	TRANSCRIPTOMIC	not applicable	AMPLICON	5'-3'-3'-5'	P-MTAB-116474	Evrogen JSC	Sample 4	sequencing assay	ERX6994640	AT_p02_Bmem_1_TAAGGCGA-AAGGAGTA_L00M_R2_001.fastq.gz	AT_p02_Bmem_1_TAAGGCGA-AAGGAGTA_L00M_R2_001.fastq.gz	ERR7425542	ftp://ftp.sra.ebi.ac.uk/vol1/fastq/ERR742/002/ERR7425542/ERR7425542_1.fastq.gz	p02	memory B cell
Sample 4	ERS8953499	SAMEA11308638	AT	Homo sapiens	adult	23	year	EFO	UO_0000036	male	normal	peripheral blood	memory B cell	p02	1	cell	P-MTAB-116471	P-MTAB-116472	P-MTAB-116473	Sample 4	PAIRED	PCR	TRANSCRIPTOMIC	not applicable	AMPLICON	5'-3'-3'-5'	P-MTAB-116474	Evrogen JSC	Sample 4	sequencing assay	ERX6994640	AT_p02_Bmem_1_TAAGGCGA-AAGGAGTA_L00M_R1_001.fastq.gz	AT_p02_Bmem_1_TAAGGCGA-AAGGAGTA_L00M_R1_001.fastq.gz	ERR7425542	ftp://ftp.sra.ebi.ac.uk/vol1/fastq/ERR742/002/ERR7425542/ERR7425542_2.fastq.gz	p02	memory B cell
Sample 40	ERS8953500	SAMEA11308639	IM	Homo sapiens	adult	39	year	EFO	UO_0000036	male	normal	peripheral blood	memory B cell	p03	2	cell	P-MTAB-116471	P-MTAB-116472	P-MTAB-116473	Sample 40	PAIRED	PCR	TRANSCRIPTOMIC	not applicable	AMPLICON	5'-3'-3'-5'	P-MTAB-116474	Evrogen JSC	Sample 40	sequencing assay	ERX6994641	IM_p03_Bmem_2_CTCTCTAC-AGAGTAGA_L00M_R1_001.fastq.gz	IM_p03_Bmem_2_CTCTCTAC-AGAGTAGA_L00M_R1_001.fastq.gz	ERR7425543	ftp://ftp.sra.ebi.ac.uk/vol1/fastq/ERR742/003/ERR7425543/ERR7425543_1.fastq.gz	p03	memory B cell
Sample 40	ERS8953500	SAMEA11308639	IM	Homo sapiens	adult	39	year	EFO	UO_0000036	male	normal	peripheral blood	memory B cell	p03	2	cell	P-MTAB-116471	P-MTAB-116472	P-MTAB-116473	Sample 40	PAIRED	PCR	TRANSCRIPTOMIC	not applicable	AMPLICON	5'-3'-3'-5'	P-MTAB-116474	Evrogen JSC	Sample 40	sequencing assay	ERX6994641	IM_p03_Bmem_2_CTCTCTAC-AGAGTAGA_L00M_R2_001.fastq.gz	IM_p03_Bmem_2_CTCTCTAC-AGAGTAGA_L00M_R2_001.fastq.gz	ERR7425543	ftp://ftp.sra.ebi.ac.uk/vol1/fastq/ERR742/003/ERR7425543/ERR7425543_2.fastq.gz	p03	memory B cell
Sample 45	ERS8953501	SAMEA11308640	IZ	Homo sapiens	adult	33	year	EFO	UO_0000036	male	normal	peripheral blood	memory B cell	p01	1	cell	P-MTAB-116471	P-MTAB-116472	P-MTAB-116473	Sample 45	PAIRED	PCR	TRANSCRIPTOMIC	not applicable	AMPLICON	5'-3'-3'-5'	P-MTAB-116474	Evrogen JSC	Sample 45	sequencing assay	ERX6994642	IZ_p01_Bmem_1_GTAGAGGA-GTAAGGAG_L00M_R1_001.fastq.gz	IZ_p01_Bmem_1_GTAGAGGA-GTAAGGAG_L00M_R1_001.fastq.gz	ERR7425544	ftp://ftp.sra.ebi.ac.uk/vol1/fastq/ERR742/004/ERR7425544/ERR7425544_1.fastq.gz	p01	memory B cell
Sample 45	ERS8953501	SAMEA11308640	IZ	Homo sapiens	adult	33	year	EFO	UO_0000036	male	normal	peripheral blood	memory B cell	p01	1	cell	P-MTAB-116471	P-MTAB-116472	P-MTAB-116473	Sample 45	PAIRED	PCR	TRANSCRIPTOMIC	not applicable	AMPLICON	5'-3'-3'-5'	P-MTAB-116474	Evrogen JSC	Sample 45	sequencing assay	ERX6994642	IZ_p01_Bmem_1_GTAGAGGA-GTAAGGAG_L00M_R2_001.fastq.gz	IZ_p01_Bmem_1_GTAGAGGA-GTAAGGAG_L00M_R2_001.fastq.gz	ERR7425544	ftp://ftp.sra.ebi.ac.uk/vol1/fastq/ERR742/004/ERR7425544/ERR7425544_2.fastq.gz	p01	memory B cell
Sample 48	ERS8953502	SAMEA11308641	IZ	Homo sapiens	adult	33	year	EFO	UO_0000036	male	normal	peripheral blood	memory B cell	p02	1	cell	P-MTAB-116471	P-MTAB-116472	P-MTAB-116473	Sample 48	PAIRED	PCR	TRANSCRIPTOMIC	not applicable	AMPLICON	5'-3'-3'-5'	P-MTAB-116474	Evrogen JSC	Sample 48	sequencing assay	ERX6994643	IZ_p02_Bmem_1_GCTCATGA-AAGGAGTA_L00M_R2_001.fastq.gz	IZ_p02_Bmem_1_GCTCATGA-AAGGAGTA_L00M_R2_001.fastq.gz	ERR7425545	ftp://ftp.sra.ebi.ac.uk/vol1/fastq/ERR742/005/ERR7425545/ERR7425545_1.fastq.gz	p02	memory B cell
Sample 48	ERS8953502	SAMEA11308641	IZ	Homo sapiens	adult	33	year	EFO	UO_0000036	male	normal	peripheral blood	memory B cell	p02	1	cell	P-MTAB-116471	P-MTAB-116472	P-MTAB-116473	Sample 48	PAIRED	PCR	TRANSCRIPTOMIC	not applicable	AMPLICON	5'-3'-3'-5'	P-MTAB-116474	Evrogen JSC	Sample 48	sequencing assay	ERX6994643	IZ_p02_Bmem_1_GCTCATGA-AAGGAGTA_L00M_R1_001.fastq.gz	IZ_p02_Bmem_1_GCTCATGA-AAGGAGTA_L00M_R1_001.fastq.gz	ERR7425545	ftp://ftp.sra.ebi.ac.uk/vol1/fastq/ERR742/005/ERR7425545/ERR7425545_2.fastq.gz	p02	memory B cell
Sample 49	ERS8953503	SAMEA11308642	IZ	Homo sapiens	adult	33	year	EFO	UO_0000036	male	normal	peripheral blood	memory B cell	p02	2	cell	P-MTAB-116471	P-MTAB-116472	P-MTAB-116473	Sample 49	PAIRED	PCR	TRANSCRIPTOMIC	not applicable	AMPLICON	5'-3'-3'-5'	P-MTAB-116474	Evrogen JSC	Sample 49	sequencing assay	ERX6994644	IZ_p02_Bmem_2_GCTCATGA-CTAAGCCT_L00M_R1_001.fastq.gz	IZ_p02_Bmem_2_GCTCATGA-CTAAGCCT_L00M_R1_001.fastq.gz	ERR7425546	ftp://ftp.sra.ebi.ac.uk/vol1/fastq/ERR742/006/ERR7425546/ERR7425546_1.fastq.gz	p02	memory B cell
Sample 49	ERS8953503	SAMEA11308642	IZ	Homo sapiens	adult	33	year	EFO	UO_0000036	male	normal	peripheral blood	memory B cell	p02	2	cell	P-MTAB-116471	P-MTAB-116472	P-MTAB-116473	Sample 49	PAIRED	PCR	TRANSCRIPTOMIC	not applicable	AMPLICON	5'-3'-3'-5'	P-MTAB-116474	Evrogen JSC	Sample 49	sequencing assay	ERX6994644	IZ_p02_Bmem_2_GCTCATGA-CTAAGCCT_L00M_R2_001.fastq.gz	IZ_p02_Bmem_2_GCTCATGA-CTAAGCCT_L00M_R2_001.fastq.gz	ERR7425546	ftp://ftp.sra.ebi.ac.uk/vol1/fastq/ERR742/006/ERR7425546/ERR7425546_2.fastq.gz	p02	memory B cell
Sample 5	ERS8953504	SAMEA11308643	AT	Homo sapiens	adult	23	year	EFO	UO_0000036	male	normal	peripheral blood	memory B cell	p02	2	cell	P-MTAB-116471	P-MTAB-116472	P-MTAB-116473	Sample 5	PAIRED	PCR	TRANSCRIPTOMIC	not applicable	AMPLICON	5'-3'-3'-5'	P-MTAB-116474	Evrogen JSC	Sample 5	sequencing assay	ERX6994645	AT_p02_Bmem_2_TAAGGCGA-CTAAGCCT_L00M_R2_001.fastq.gz	AT_p02_Bmem_2_TAAGGCGA-CTAAGCCT_L00M_R2_001.fastq.gz	ERR7425547	ftp://ftp.sra.ebi.ac.uk/vol1/fastq/ERR742/007/ERR7425547/ERR7425547_1.fastq.gz	p02	memory B cell
Sample 5	ERS8953504	SAMEA11308643	AT	Homo sapiens	adult	23	year	EFO	UO_0000036	male	normal	peripheral blood	memory B cell	p02	2	cell	P-MTAB-116471	P-MTAB-116472	P-MTAB-116473	Sample 5	PAIRED	PCR	TRANSCRIPTOMIC	not applicable	AMPLICON	5'-3'-3'-5'	P-MTAB-116474	Evrogen JSC	Sample 5	sequencing assay	ERX6994645	AT_p02_Bmem_2_TAAGGCGA-CTAAGCCT_L00M_R1_001.fastq.gz	AT_p02_Bmem_2_TAAGGCGA-CTAAGCCT_L00M_R1_001.fastq.gz	ERR7425547	ftp://ftp.sra.ebi.ac.uk/vol1/fastq/ERR742/007/ERR7425547/ERR7425547_2.fastq.gz	p02	memory B cell
Sample 54	ERS8953505	SAMEA11308644	IZ	Homo sapiens	adult	33	year	EFO	UO_0000036	male	normal	peripheral blood	memory B cell	p03	1	cell	P-MTAB-116471	P-MTAB-116472	P-MTAB-116473	Sample 54	PAIRED	PCR	TRANSCRIPTOMIC	not applicable	AMPLICON	5'-3'-3'-5'	P-MTAB-116474	Evrogen JSC	Sample 54	sequencing assay	ERX6994646	IZ_p03_Bmem_1_TAAGGCGA-GTAAGGAG_L00M_R2_001.fastq.gz	IZ_p03_Bmem_1_TAAGGCGA-GTAAGGAG_L00M_R2_001.fastq.gz	ERR7425548	ftp://ftp.sra.ebi.ac.uk/vol1/fastq/ERR742/008/ERR7425548/ERR7425548_1.fastq.gz	p03	memory B cell
Sample 54	ERS8953505	SAMEA11308644	IZ	Homo sapiens	adult	33	year	EFO	UO_0000036	male	normal	peripheral blood	memory B cell	p03	1	cell	P-MTAB-116471	P-MTAB-116472	P-MTAB-116473	Sample 54	PAIRED	PCR	TRANSCRIPTOMIC	not applicable	AMPLICON	5'-3'-3'-5'	P-MTAB-116474	Evrogen JSC	Sample 54	sequencing assay	ERX6994646	IZ_p03_Bmem_1_TAAGGCGA-GTAAGGAG_L00M_R1_001.fastq.gz	IZ_p03_Bmem_1_TAAGGCGA-GTAAGGAG_L00M_R1_001.fastq.gz	ERR7425548	ftp://ftp.sra.ebi.ac.uk/vol1/fastq/ERR742/008/ERR7425548/ERR7425548_2.fastq.gz	p03	memory B cell
Sample 55	ERS8953506	SAMEA11308645	IZ	Homo sapiens	adult	33	year	EFO	UO_0000036	male	normal	peripheral blood	memory B cell	p03	2	cell	P-MTAB-116471	P-MTAB-116472	P-MTAB-116473	Sample 55	PAIRED	PCR	TRANSCRIPTOMIC	not applicable	AMPLICON	5'-3'-3'-5'	P-MTAB-116474	Evrogen JSC	Sample 55	sequencing assay	ERX6994647	IZ_p03_Bmem_2_CGTACTAG-GTAAGGAG_L00M_R2_001.fastq.gz	IZ_p03_Bmem_2_CGTACTAG-GTAAGGAG_L00M_R2_001.fastq.gz	ERR7425549	ftp://ftp.sra.ebi.ac.uk/vol1/fastq/ERR742/009/ERR7425549/ERR7425549_1.fastq.gz	p03	memory B cell
Sample 55	ERS8953506	SAMEA11308645	IZ	Homo sapiens	adult	33	year	EFO	UO_0000036	male	normal	peripheral blood	memory B cell	p03	2	cell	P-MTAB-116471	P-MTAB-116472	P-MTAB-116473	Sample 55	PAIRED	PCR	TRANSCRIPTOMIC	not applicable	AMPLICON	5'-3'-3'-5'	P-MTAB-116474	Evrogen JSC	Sample 55	sequencing assay	ERX6994647	IZ_p03_Bmem_2_CGTACTAG-GTAAGGAG_L00M_R1_001.fastq.gz	IZ_p03_Bmem_2_CGTACTAG-GTAAGGAG_L00M_R1_001.fastq.gz	ERR7425549	ftp://ftp.sra.ebi.ac.uk/vol1/fastq/ERR742/009/ERR7425549/ERR7425549_2.fastq.gz	p03	memory B cell
Sample 60	ERS8953507	SAMEA11308646	MRK	Homo sapiens	adult	27	year	EFO	UO_0000036	male	normal	peripheral blood	memory B cell	p01	1	cell	P-MTAB-116471	P-MTAB-116472	P-MTAB-116473	Sample 60	PAIRED	PCR	TRANSCRIPTOMIC	not applicable	AMPLICON	5'-3'-3'-5'	P-MTAB-116474	Evrogen JSC	Sample 60	sequencing assay	ERX6994648	MRK_p01_Bmem_1_AAGAGGCA-GTAAGGAG_L00M_R1_001.fastq.gz	MRK_p01_Bmem_1_AAGAGGCA-GTAAGGAG_L00M_R1_001.fastq.gz	ERR7425550	ftp://ftp.sra.ebi.ac.uk/vol1/fastq/ERR742/000/ERR7425550/ERR7425550_1.fastq.gz	p01	memory B cell
Sample 60	ERS8953507	SAMEA11308646	MRK	Homo sapiens	adult	27	year	EFO	UO_0000036	male	normal	peripheral blood	memory B cell	p01	1	cell	P-MTAB-116471	P-MTAB-116472	P-MTAB-116473	Sample 60	PAIRED	PCR	TRANSCRIPTOMIC	not applicable	AMPLICON	5'-3'-3'-5'	P-MTAB-116474	Evrogen JSC	Sample 60	sequencing assay	ERX6994648	MRK_p01_Bmem_1_AAGAGGCA-GTAAGGAG_L00M_R2_001.fastq.gz	MRK_p01_Bmem_1_AAGAGGCA-GTAAGGAG_L00M_R2_001.fastq.gz	ERR7425550	ftp://ftp.sra.ebi.ac.uk/vol1/fastq/ERR742/000/ERR7425550/ERR7425550_2.fastq.gz	p01	memory B cell
Sample 63	ERS8953508	SAMEA11308647	MRK	Homo sapiens	adult	27	year	EFO	UO_0000036	male	normal	peripheral blood	memory B cell	p02	1	cell	P-MTAB-116471	P-MTAB-116472	P-MTAB-116473	Sample 63	PAIRED	PCR	TRANSCRIPTOMIC	not applicable	AMPLICON	5'-3'-3'-5'	P-MTAB-116474	Evrogen JSC	Sample 63	sequencing assay	ERX6994649	MRK_p02_Bmem_1_CGTACTAG-AAGGAGTA_L00M_R1_001.fastq.gz	MRK_p02_Bmem_1_CGTACTAG-AAGGAGTA_L00M_R1_001.fastq.gz	ERR7425551	ftp://ftp.sra.ebi.ac.uk/vol1/fastq/ERR742/001/ERR7425551/ERR7425551_1.fastq.gz	p02	memory B cell
Sample 63	ERS8953508	SAMEA11308647	MRK	Homo sapiens	adult	27	year	EFO	UO_0000036	male	normal	peripheral blood	memory B cell	p02	1	cell	P-MTAB-116471	P-MTAB-116472	P-MTAB-116473	Sample 63	PAIRED	PCR	TRANSCRIPTOMIC	not applicable	AMPLICON	5'-3'-3'-5'	P-MTAB-116474	Evrogen JSC	Sample 63	sequencing assay	ERX6994649	MRK_p02_Bmem_1_CGTACTAG-AAGGAGTA_L00M_R2_001.fastq.gz	MRK_p02_Bmem_1_CGTACTAG-AAGGAGTA_L00M_R2_001.fastq.gz	ERR7425551	ftp://ftp.sra.ebi.ac.uk/vol1/fastq/ERR742/001/ERR7425551/ERR7425551_2.fastq.gz	p02	memory B cell
Sample 64	ERS8953509	SAMEA11308648	MRK	Homo sapiens	adult	27	year	EFO	UO_0000036	male	normal	peripheral blood	memory B cell	p02	2	cell	P-MTAB-116471	P-MTAB-116472	P-MTAB-116473	Sample 64	PAIRED	PCR	TRANSCRIPTOMIC	not applicable	AMPLICON	5'-3'-3'-5'	P-MTAB-116474	Evrogen JSC	Sample 64	sequencing assay	ERX6994650	MRK_p02_Bmem_2_GCTCATGA-ACTGCATA_L00M_R1_001.fastq.gz	MRK_p02_Bmem_2_GCTCATGA-ACTGCATA_L00M_R1_001.fastq.gz	ERR7425552	ftp://ftp.sra.ebi.ac.uk/vol1/fastq/ERR742/002/ERR7425552/ERR7425552_1.fastq.gz	p02	memory B cell
Sample 64	ERS8953509	SAMEA11308648	MRK	Homo sapiens	adult	27	year	EFO	UO_0000036	male	normal	peripheral blood	memory B cell	p02	2	cell	P-MTAB-116471	P-MTAB-116472	P-MTAB-116473	Sample 64	PAIRED	PCR	TRANSCRIPTOMIC	not applicable	AMPLICON	5'-3'-3'-5'	P-MTAB-116474	Evrogen JSC	Sample 64	sequencing assay	ERX6994650	MRK_p02_Bmem_2_GCTCATGA-ACTGCATA_L00M_R2_001.fastq.gz	MRK_p02_Bmem_2_GCTCATGA-ACTGCATA_L00M_R2_001.fastq.gz	ERR7425552	ftp://ftp.sra.ebi.ac.uk/vol1/fastq/ERR742/002/ERR7425552/ERR7425552_2.fastq.gz	p02	memory B cell
Sample 71	ERS8953510	SAMEA11308649	MRK	Homo sapiens	adult	27	year	EFO	UO_0000036	male	normal	peripheral blood	memory B cell	p03	1	cell	P-MTAB-116471	P-MTAB-116472	P-MTAB-116473	Sample 71	PAIRED	PCR	TRANSCRIPTOMIC	not applicable	AMPLICON	5'-3'-3'-5'	P-MTAB-116474	Evrogen JSC	Sample 71	sequencing assay	ERX6994651	MRK_p03_Bmem_1_TCCTGAGC-GTAAGGAG_L00M_R1_001.fastq.gz	MRK_p03_Bmem_1_TCCTGAGC-GTAAGGAG_L00M_R1_001.fastq.gz	ERR7425553	ftp://ftp.sra.ebi.ac.uk/vol1/fastq/ERR742/003/ERR7425553/ERR7425553_1.fastq.gz	p03	memory B cell
Sample 71	ERS8953510	SAMEA11308649	MRK	Homo sapiens	adult	27	year	EFO	UO_0000036	male	normal	peripheral blood	memory B cell	p03	1	cell	P-MTAB-116471	P-MTAB-116472	P-MTAB-116473	Sample 71	PAIRED	PCR	TRANSCRIPTOMIC	not applicable	AMPLICON	5'-3'-3'-5'	P-MTAB-116474	Evrogen JSC	Sample 71	sequencing assay	ERX6994651	MRK_p03_Bmem_1_TCCTGAGC-GTAAGGAG_L00M_R2_001.fastq.gz	MRK_p03_Bmem_1_TCCTGAGC-GTAAGGAG_L00M_R2_001.fastq.gz	ERR7425553	ftp://ftp.sra.ebi.ac.uk/vol1/fastq/ERR742/003/ERR7425553/ERR7425553_2.fastq.gz	p03	memory B cell
Sample 72	ERS8953511	SAMEA11308650	MRK	Homo sapiens	adult	27	year	EFO	UO_0000036	male	normal	peripheral blood	memory B cell	p03	2	cell	P-MTAB-116471	P-MTAB-116472	P-MTAB-116473	Sample 72	PAIRED	PCR	TRANSCRIPTOMIC	not applicable	AMPLICON	5'-3'-3'-5'	P-MTAB-116474	Evrogen JSC	Sample 72	sequencing assay	ERX6994652	MRK_p03_Bmem_2_AGGCAGAA-GTAAGGAG_L00M_R1_001.fastq.gz	MRK_p03_Bmem_2_AGGCAGAA-GTAAGGAG_L00M_R1_001.fastq.gz	ERR7425554	ftp://ftp.sra.ebi.ac.uk/vol1/fastq/ERR742/004/ERR7425554/ERR7425554_1.fastq.gz	p03	memory B cell
Sample 72	ERS8953511	SAMEA11308650	MRK	Homo sapiens	adult	27	year	EFO	UO_0000036	male	normal	peripheral blood	memory B cell	p03	2	cell	P-MTAB-116471	P-MTAB-116472	P-MTAB-116473	Sample 72	PAIRED	PCR	TRANSCRIPTOMIC	not applicable	AMPLICON	5'-3'-3'-5'	P-MTAB-116474	Evrogen JSC	Sample 72	sequencing assay	ERX6994652	MRK_p03_Bmem_2_AGGCAGAA-GTAAGGAG_L00M_R2_001.fastq.gz	MRK_p03_Bmem_2_AGGCAGAA-GTAAGGAG_L00M_R2_001.fastq.gz	ERR7425554	ftp://ftp.sra.ebi.ac.uk/vol1/fastq/ERR742/004/ERR7425554/ERR7425554_2.fastq.gz	p03	memory B cell
Sample 77	ERS8953512	SAMEA11308651	MT	Homo sapiens	adult	27	year	EFO	UO_0000036	female	normal	peripheral blood	memory B cell	p03	1	cell	P-MTAB-116471	P-MTAB-116472	P-MTAB-116473	Sample 77	PAIRED	PCR	TRANSCRIPTOMIC	not applicable	AMPLICON	5'-3'-3'-5'	P-MTAB-116474	Evrogen JSC	Sample 77	sequencing assay	ERX6994653	MT_p03_Bmem_1_TAGGCATG-GTAAGGAG_L00M_R2_001.fastq.gz	MT_p03_Bmem_1_TAGGCATG-GTAAGGAG_L00M_R2_001.fastq.gz	ERR7425555	ftp://ftp.sra.ebi.ac.uk/vol1/fastq/ERR742/005/ERR7425555/ERR7425555_1.fastq.gz	p03	memory B cell
Sample 77	ERS8953512	SAMEA11308651	MT	Homo sapiens	adult	27	year	EFO	UO_0000036	female	normal	peripheral blood	memory B cell	p03	1	cell	P-MTAB-116471	P-MTAB-116472	P-MTAB-116473	Sample 77	PAIRED	PCR	TRANSCRIPTOMIC	not applicable	AMPLICON	5'-3'-3'-5'	P-MTAB-116474	Evrogen JSC	Sample 77	sequencing assay	ERX6994653	MT_p03_Bmem_1_TAGGCATG-GTAAGGAG_L00M_R1_001.fastq.gz	MT_p03_Bmem_1_TAGGCATG-GTAAGGAG_L00M_R1_001.fastq.gz	ERR7425555	ftp://ftp.sra.ebi.ac.uk/vol1/fastq/ERR742/005/ERR7425555/ERR7425555_2.fastq.gz	p03	memory B cell
Sample 78	ERS8953513	SAMEA11308652	MT	Homo sapiens	adult	27	year	EFO	UO_0000036	female	normal	peripheral blood	memory B cell	p03	2	cell	P-MTAB-116471	P-MTAB-116472	P-MTAB-116473	Sample 78	PAIRED	PCR	TRANSCRIPTOMIC	not applicable	AMPLICON	5'-3'-3'-5'	P-MTAB-116474	Evrogen JSC	Sample 78	sequencing assay	ERX6994654	MT_p03_Bmem_2_CTCTCTAC-GTAAGGAG_L00M_R1_001.fastq.gz	MT_p03_Bmem_2_CTCTCTAC-GTAAGGAG_L00M_R1_001.fastq.gz	ERR7425556	ftp://ftp.sra.ebi.ac.uk/vol1/fastq/ERR742/006/ERR7425556/ERR7425556_1.fastq.gz	p03	memory B cell
Sample 78	ERS8953513	SAMEA11308652	MT	Homo sapiens	adult	27	year	EFO	UO_0000036	female	normal	peripheral blood	memory B cell	p03	2	cell	P-MTAB-116471	P-MTAB-116472	P-MTAB-116473	Sample 78	PAIRED	PCR	TRANSCRIPTOMIC	not applicable	AMPLICON	5'-3'-3'-5'	P-MTAB-116474	Evrogen JSC	Sample 78	sequencing assay	ERX6994654	MT_p03_Bmem_2_CTCTCTAC-GTAAGGAG_L00M_R2_001.fastq.gz	MT_p03_Bmem_2_CTCTCTAC-GTAAGGAG_L00M_R2_001.fastq.gz	ERR7425556	ftp://ftp.sra.ebi.ac.uk/vol1/fastq/ERR742/006/ERR7425556/ERR7425556_2.fastq.gz	p03	memory B cell
Sample 8	ERS8953514	SAMEA11308653	AT	Homo sapiens	adult	23	year	EFO	UO_0000036	male	normal	peripheral blood	memory B cell	p03	1	cell	P-MTAB-116471	P-MTAB-116472	P-MTAB-116473	Sample 8	PAIRED	PCR	TRANSCRIPTOMIC	not applicable	AMPLICON	5'-3'-3'-5'	P-MTAB-116474	Evrogen JSC	Sample 8	sequencing assay	ERX6994655	AT_p03_Bmem_1_TAAGGCGA-AGAGTAGA_L00M_R1_001.fastq.gz	AT_p03_Bmem_1_TAAGGCGA-AGAGTAGA_L00M_R1_001.fastq.gz	ERR7425557	ftp://ftp.sra.ebi.ac.uk/vol1/fastq/ERR742/007/ERR7425557/ERR7425557_1.fastq.gz	p03	memory B cell
Sample 8	ERS8953514	SAMEA11308653	AT	Homo sapiens	adult	23	year	EFO	UO_0000036	male	normal	peripheral blood	memory B cell	p03	1	cell	P-MTAB-116471	P-MTAB-116472	P-MTAB-116473	Sample 8	PAIRED	PCR	TRANSCRIPTOMIC	not applicable	AMPLICON	5'-3'-3'-5'	P-MTAB-116474	Evrogen JSC	Sample 8	sequencing assay	ERX6994655	AT_p03_Bmem_1_TAAGGCGA-AGAGTAGA_L00M_R2_001.fastq.gz	AT_p03_Bmem_1_TAAGGCGA-AGAGTAGA_L00M_R2_001.fastq.gz	ERR7425557	ftp://ftp.sra.ebi.ac.uk/vol1/fastq/ERR742/007/ERR7425557/ERR7425557_2.fastq.gz	p03	memory B cell
Sample 9	ERS8953515	SAMEA11308654	AT	Homo sapiens	adult	23	year	EFO	UO_0000036	male	normal	peripheral blood	memory B cell	p03	2	cell	P-MTAB-116471	P-MTAB-116472	P-MTAB-116473	Sample 9	PAIRED	PCR	TRANSCRIPTOMIC	not applicable	AMPLICON	5'-3'-3'-5'	P-MTAB-116474	Evrogen JSC	Sample 9	sequencing assay	ERX6994656	AT_p03_Bmem_2_CGTACTAG-AGAGTAGA_L00M_R2_001.fastq.gz	AT_p03_Bmem_2_CGTACTAG-AGAGTAGA_L00M_R2_001.fastq.gz	ERR7425558	ftp://ftp.sra.ebi.ac.uk/vol1/fastq/ERR742/008/ERR7425558/ERR7425558_1.fastq.gz	p03	memory B cell
Sample 9	ERS8953515	SAMEA11308654	AT	Homo sapiens	adult	23	year	EFO	UO_0000036	male	normal	peripheral blood	memory B cell	p03	2	cell	P-MTAB-116471	P-MTAB-116472	P-MTAB-116473	Sample 9	PAIRED	PCR	TRANSCRIPTOMIC	not applicable	AMPLICON	5'-3'-3'-5'	P-MTAB-116474	Evrogen JSC	Sample 9	sequencing assay	ERX6994656	AT_p03_Bmem_2_CGTACTAG-AGAGTAGA_L00M_R1_001.fastq.gz	AT_p03_Bmem_2_CGTACTAG-AGAGTAGA_L00M_R1_001.fastq.gz	ERR7425558	ftp://ftp.sra.ebi.ac.uk/vol1/fastq/ERR742/008/ERR7425558/ERR7425558_2.fastq.gz	p03	memory B cell
Sample 29	ERS8953516	SAMEA11308655	MT	Homo sapiens	adult	27	year	EFO	UO_0000036	female	normal	peripheral blood	mononuclear cell	p03	1	cell	P-MTAB-116471	P-MTAB-116472	P-MTAB-116473	Sample 29	PAIRED	PCR	TRANSCRIPTOMIC	not applicable	AMPLICON	5'-3'-3'-5'	P-MTAB-116474	Evrogen JSC	Sample 29	sequencing assay	ERX6994657	D01-p3-Full1_S11_L001_R2_001.fastq.gz	D01-p3-Full1_S11_L001_R2_001.fastq.gz	ERR7425559	ftp://ftp.sra.ebi.ac.uk/vol1/fastq/ERR742/009/ERR7425559/ERR7425559_1.fastq.gz	p03	mononuclear cell
Sample 29	ERS8953516	SAMEA11308655	MT	Homo sapiens	adult	27	year	EFO	UO_0000036	female	normal	peripheral blood	mononuclear cell	p03	1	cell	P-MTAB-116471	P-MTAB-116472	P-MTAB-116473	Sample 29	PAIRED	PCR	TRANSCRIPTOMIC	not applicable	AMPLICON	5'-3'-3'-5'	P-MTAB-116474	Evrogen JSC	Sample 29	sequencing assay	ERX6994657	D01-p3-Full1_S11_L001_R1_001.fastq.gz	D01-p3-Full1_S11_L001_R1_001.fastq.gz	ERR7425559	ftp://ftp.sra.ebi.ac.uk/vol1/fastq/ERR742/009/ERR7425559/ERR7425559_2.fastq.gz	p03	mononuclear cell
Sample 30	ERS8953517	SAMEA11308656	MT	Homo sapiens	adult	27	year	EFO	UO_0000036	female	normal	peripheral blood	mononuclear cell	p03	2	cell	P-MTAB-116471	P-MTAB-116472	P-MTAB-116473	Sample 30	PAIRED	PCR	TRANSCRIPTOMIC	not applicable	AMPLICON	5'-3'-3'-5'	P-MTAB-116474	Evrogen JSC	Sample 30	sequencing assay	ERX6994658	D01-p3-Full2_S12_L001_R2_001.fastq.gz	D01-p3-Full2_S12_L001_R2_001.fastq.gz	ERR7425560	ftp://ftp.sra.ebi.ac.uk/vol1/fastq/ERR742/000/ERR7425560/ERR7425560_1.fastq.gz	p03	mononuclear cell
Sample 30	ERS8953517	SAMEA11308656	MT	Homo sapiens	adult	27	year	EFO	UO_0000036	female	normal	peripheral blood	mononuclear cell	p03	2	cell	P-MTAB-116471	P-MTAB-116472	P-MTAB-116473	Sample 30	PAIRED	PCR	TRANSCRIPTOMIC	not applicable	AMPLICON	5'-3'-3'-5'	P-MTAB-116474	Evrogen JSC	Sample 30	sequencing assay	ERX6994658	D01-p3-Full2_S12_L001_R1_001.fastq.gz	D01-p3-Full2_S12_L001_R1_001.fastq.gz	ERR7425560	ftp://ftp.sra.ebi.ac.uk/vol1/fastq/ERR742/000/ERR7425560/ERR7425560_2.fastq.gz	p03	mononuclear cell
Sample 82	ERS8953518	SAMEA11308657	D01	Homo sapiens	adult	27	year	EFO	UO_0000036	female	normal	peripheral blood	mononuclear cell	p03	1	cell	P-MTAB-116471	P-MTAB-116472	P-MTAB-116473	Sample 82	PAIRED	PCR	TRANSCRIPTOMIC	not applicable	AMPLICON	5'-3'-3'-5'	P-MTAB-116474	Evrogen JSC	Sample 82	sequencing assay	ERX6994659	MT-p3-Full1_S13_L001_R1_001.fastq.gz	MT-p3-Full1_S13_L001_R1_001.fastq.gz	ERR7425561	ftp://ftp.sra.ebi.ac.uk/vol1/fastq/ERR742/001/ERR7425561/ERR7425561_1.fastq.gz	p03	mononuclear cell
Sample 82	ERS8953518	SAMEA11308657	D01	Homo sapiens	adult	27	year	EFO	UO_0000036	female	normal	peripheral blood	mononuclear cell	p03	1	cell	P-MTAB-116471	P-MTAB-116472	P-MTAB-116473	Sample 82	PAIRED	PCR	TRANSCRIPTOMIC	not applicable	AMPLICON	5'-3'-3'-5'	P-MTAB-116474	Evrogen JSC	Sample 82	sequencing assay	ERX6994659	MT-p3-Full1_S13_L001_R2_001.fastq.gz	MT-p3-Full1_S13_L001_R2_001.fastq.gz	ERR7425561	ftp://ftp.sra.ebi.ac.uk/vol1/fastq/ERR742/001/ERR7425561/ERR7425561_2.fastq.gz	p03	mononuclear cell
Sample 83	ERS8953519	SAMEA11308658	D01	Homo sapiens	adult	27	year	EFO	UO_0000036	female	normal	peripheral blood	mononuclear cell	p03	2	cell	P-MTAB-116471	P-MTAB-116472	P-MTAB-116473	Sample 83	PAIRED	PCR	TRANSCRIPTOMIC	not applicable	AMPLICON	5'-3'-3'-5'	P-MTAB-116474	Evrogen JSC	Sample 83	sequencing assay	ERX6994660	MT-p3-Full2_S14_L001_R1_001.fastq.gz	MT-p3-Full2_S14_L001_R1_001.fastq.gz	ERR7425562	ftp://ftp.sra.ebi.ac.uk/vol1/fastq/ERR742/002/ERR7425562/ERR7425562_1.fastq.gz	p03	mononuclear cell
Sample 83	ERS8953519	SAMEA11308658	D01	Homo sapiens	adult	27	year	EFO	UO_0000036	female	normal	peripheral blood	mononuclear cell	p03	2	cell	P-MTAB-116471	P-MTAB-116472	P-MTAB-116473	Sample 83	PAIRED	PCR	TRANSCRIPTOMIC	not applicable	AMPLICON	5'-3'-3'-5'	P-MTAB-116474	Evrogen JSC	Sample 83	sequencing assay	ERX6994660	MT-p3-Full2_S14_L001_R2_001.fastq.gz	MT-p3-Full2_S14_L001_R2_001.fastq.gz	ERR7425562	ftp://ftp.sra.ebi.ac.uk/vol1/fastq/ERR742/002/ERR7425562/ERR7425562_2.fastq.gz	p03	mononuclear cell
Sample 12	ERS8953520	SAMEA11308659	AT	Homo sapiens	adult	23	year	EFO	UO_0000036	male	normal	peripheral blood	plasma cell	p03	1	cell	P-MTAB-116471	P-MTAB-116472	P-MTAB-116473	Sample 12	PAIRED	PCR	TRANSCRIPTOMIC	not applicable	AMPLICON	5'-3'-3'-5'	P-MTAB-116474	Evrogen JSC	Sample 12	sequencing assay	ERX6994661	AT_p03_PL_1_AGGCAGAA-CTCTCTAT_L00M_R1_001.fastq.gz	AT_p03_PL_1_AGGCAGAA-CTCTCTAT_L00M_R1_001.fastq.gz	ERR7425563	ftp://ftp.sra.ebi.ac.uk/vol1/fastq/ERR742/003/ERR7425563/ERR7425563_1.fastq.gz	p03	plasma cell
Sample 12	ERS8953520	SAMEA11308659	AT	Homo sapiens	adult	23	year	EFO	UO_0000036	male	normal	peripheral blood	plasma cell	p03	1	cell	P-MTAB-116471	P-MTAB-116472	P-MTAB-116473	Sample 12	PAIRED	PCR	TRANSCRIPTOMIC	not applicable	AMPLICON	5'-3'-3'-5'	P-MTAB-116474	Evrogen JSC	Sample 12	sequencing assay	ERX6994661	AT_p03_PL_1_AGGCAGAA-CTCTCTAT_L00M_R2_001.fastq.gz	AT_p03_PL_1_AGGCAGAA-CTCTCTAT_L00M_R2_001.fastq.gz	ERR7425563	ftp://ftp.sra.ebi.ac.uk/vol1/fastq/ERR742/003/ERR7425563/ERR7425563_2.fastq.gz	p03	plasma cell
Sample 13	ERS8953521	SAMEA11308660	AT	Homo sapiens	adult	23	year	EFO	UO_0000036	male	normal	peripheral blood	plasma cell	p03	2	cell	P-MTAB-116471	P-MTAB-116472	P-MTAB-116473	Sample 13	PAIRED	PCR	TRANSCRIPTOMIC	not applicable	AMPLICON	5'-3'-3'-5'	P-MTAB-116474	Evrogen JSC	Sample 13	sequencing assay	ERX6994662	AT_p03_PL_2_TCCTGAGC-CTCTCTAT_L00M_R1_001.fastq.gz	AT_p03_PL_2_TCCTGAGC-CTCTCTAT_L00M_R1_001.fastq.gz	ERR7425564	ftp://ftp.sra.ebi.ac.uk/vol1/fastq/ERR742/004/ERR7425564/ERR7425564_1.fastq.gz	p03	plasma cell
Sample 13	ERS8953521	SAMEA11308660	AT	Homo sapiens	adult	23	year	EFO	UO_0000036	male	normal	peripheral blood	plasma cell	p03	2	cell	P-MTAB-116471	P-MTAB-116472	P-MTAB-116473	Sample 13	PAIRED	PCR	TRANSCRIPTOMIC	not applicable	AMPLICON	5'-3'-3'-5'	P-MTAB-116474	Evrogen JSC	Sample 13	sequencing assay	ERX6994662	AT_p03_PL_2_TCCTGAGC-CTCTCTAT_L00M_R2_001.fastq.gz	AT_p03_PL_2_TCCTGAGC-CTCTCTAT_L00M_R2_001.fastq.gz	ERR7425564	ftp://ftp.sra.ebi.ac.uk/vol1/fastq/ERR742/004/ERR7425564/ERR7425564_2.fastq.gz	p03	plasma cell
Sample 20	ERS8953522	SAMEA11308661	D01	Homo sapiens	adult	27	year	EFO	UO_0000036	female	normal	peripheral blood	plasma cell	p02	1	cell	P-MTAB-116471	P-MTAB-116472	P-MTAB-116473	Sample 20	PAIRED	PCR	TRANSCRIPTOMIC	not applicable	AMPLICON	5'-3'-3'-5'	P-MTAB-116474	Evrogen JSC	Sample 20	sequencing assay	ERX6994663	D01_p02_PL_1_CGTACTAG-TAGATCGC_L00M_R1_001.fastq.gz	D01_p02_PL_1_CGTACTAG-TAGATCGC_L00M_R1_001.fastq.gz	ERR7425565	ftp://ftp.sra.ebi.ac.uk/vol1/fastq/ERR742/005/ERR7425565/ERR7425565_1.fastq.gz	p02	plasma cell
Sample 20	ERS8953522	SAMEA11308661	D01	Homo sapiens	adult	27	year	EFO	UO_0000036	female	normal	peripheral blood	plasma cell	p02	1	cell	P-MTAB-116471	P-MTAB-116472	P-MTAB-116473	Sample 20	PAIRED	PCR	TRANSCRIPTOMIC	not applicable	AMPLICON	5'-3'-3'-5'	P-MTAB-116474	Evrogen JSC	Sample 20	sequencing assay	ERX6994663	D01_p02_PL_1_CGTACTAG-TAGATCGC_L00M_R2_001.fastq.gz	D01_p02_PL_1_CGTACTAG-TAGATCGC_L00M_R2_001.fastq.gz	ERR7425565	ftp://ftp.sra.ebi.ac.uk/vol1/fastq/ERR742/005/ERR7425565/ERR7425565_2.fastq.gz	p02	plasma cell
Sample 21	ERS8953523	SAMEA11308662	D01	Homo sapiens	adult	27	year	EFO	UO_0000036	female	normal	peripheral blood	plasma cell	p02	2	cell	P-MTAB-116471	P-MTAB-116472	P-MTAB-116473	Sample 21	PAIRED	PCR	TRANSCRIPTOMIC	not applicable	AMPLICON	5'-3'-3'-5'	P-MTAB-116474	Evrogen JSC	Sample 21	sequencing assay	ERX6994664	D01_p02_PL_2_AGGCAGAA-TAGATCGC_L00M_R1_001.fastq.gz	D01_p02_PL_2_AGGCAGAA-TAGATCGC_L00M_R1_001.fastq.gz	ERR7425566	ftp://ftp.sra.ebi.ac.uk/vol1/fastq/ERR742/006/ERR7425566/ERR7425566_1.fastq.gz	p02	plasma cell
Sample 21	ERS8953523	SAMEA11308662	D01	Homo sapiens	adult	27	year	EFO	UO_0000036	female	normal	peripheral blood	plasma cell	p02	2	cell	P-MTAB-116471	P-MTAB-116472	P-MTAB-116473	Sample 21	PAIRED	PCR	TRANSCRIPTOMIC	not applicable	AMPLICON	5'-3'-3'-5'	P-MTAB-116474	Evrogen JSC	Sample 21	sequencing assay	ERX6994664	D01_p02_PL_2_AGGCAGAA-TAGATCGC_L00M_R2_001.fastq.gz	D01_p02_PL_2_AGGCAGAA-TAGATCGC_L00M_R2_001.fastq.gz	ERR7425566	ftp://ftp.sra.ebi.ac.uk/vol1/fastq/ERR742/006/ERR7425566/ERR7425566_2.fastq.gz	p02	plasma cell
Sample 27	ERS8953524	SAMEA11308663	D01	Homo sapiens	adult	27	year	EFO	UO_0000036	female	normal	peripheral blood	plasma cell	p03	1	cell	P-MTAB-116471	P-MTAB-116472	P-MTAB-116473	Sample 27	PAIRED	PCR	TRANSCRIPTOMIC	not applicable	AMPLICON	5'-3'-3'-5'	P-MTAB-116474	Evrogen JSC	Sample 27	sequencing assay	ERX6994665	D01_p03_PL_1_CGTACTAG-CTCTCTAT_L00M_R1_001.fastq.gz	D01_p03_PL_1_CGTACTAG-CTCTCTAT_L00M_R1_001.fastq.gz	ERR7425567	ftp://ftp.sra.ebi.ac.uk/vol1/fastq/ERR742/007/ERR7425567/ERR7425567_1.fastq.gz	p03	plasma cell
Sample 27	ERS8953524	SAMEA11308663	D01	Homo sapiens	adult	27	year	EFO	UO_0000036	female	normal	peripheral blood	plasma cell	p03	1	cell	P-MTAB-116471	P-MTAB-116472	P-MTAB-116473	Sample 27	PAIRED	PCR	TRANSCRIPTOMIC	not applicable	AMPLICON	5'-3'-3'-5'	P-MTAB-116474	Evrogen JSC	Sample 27	sequencing assay	ERX6994665	D01_p03_PL_1_CGTACTAG-CTCTCTAT_L00M_R2_001.fastq.gz	D01_p03_PL_1_CGTACTAG-CTCTCTAT_L00M_R2_001.fastq.gz	ERR7425567	ftp://ftp.sra.ebi.ac.uk/vol1/fastq/ERR742/007/ERR7425567/ERR7425567_2.fastq.gz	p03	plasma cell
Sample 28	ERS8953525	SAMEA11308664	D01	Homo sapiens	adult	27	year	EFO	UO_0000036	female	normal	peripheral blood	plasma cell	p03	2	cell	P-MTAB-116471	P-MTAB-116472	P-MTAB-116473	Sample 28	PAIRED	PCR	TRANSCRIPTOMIC	not applicable	AMPLICON	5'-3'-3'-5'	P-MTAB-116474	Evrogen JSC	Sample 28	sequencing assay	ERX6994666	D01_p03_PL_2_TAAGGCGA-CTCTCTAT_L00M_R1_001.fastq.gz	D01_p03_PL_2_TAAGGCGA-CTCTCTAT_L00M_R1_001.fastq.gz	ERR7425568	ftp://ftp.sra.ebi.ac.uk/vol1/fastq/ERR742/008/ERR7425568/ERR7425568_1.fastq.gz	p03	plasma cell
Sample 28	ERS8953525	SAMEA11308664	D01	Homo sapiens	adult	27	year	EFO	UO_0000036	female	normal	peripheral blood	plasma cell	p03	2	cell	P-MTAB-116471	P-MTAB-116472	P-MTAB-116473	Sample 28	PAIRED	PCR	TRANSCRIPTOMIC	not applicable	AMPLICON	5'-3'-3'-5'	P-MTAB-116474	Evrogen JSC	Sample 28	sequencing assay	ERX6994666	D01_p03_PL_2_TAAGGCGA-CTCTCTAT_L00M_R2_001.fastq.gz	D01_p03_PL_2_TAAGGCGA-CTCTCTAT_L00M_R2_001.fastq.gz	ERR7425568	ftp://ftp.sra.ebi.ac.uk/vol1/fastq/ERR742/008/ERR7425568/ERR7425568_2.fastq.gz	p03	plasma cell
Sample 3	ERS8953526	SAMEA11308665	AT	Homo sapiens	adult	23	year	EFO	UO_0000036	male	normal	peripheral blood	plasma cell	p01	1	cell	P-MTAB-116471	P-MTAB-116472	P-MTAB-116473	Sample 3	PAIRED	PCR	TRANSCRIPTOMIC	not applicable	AMPLICON	5'-3'-3'-5'	P-MTAB-116474	Evrogen JSC	Sample 3	sequencing assay	ERX6994667	AT_p01_PL_1_TCCTGAGC-TATCCTCT_L00M_R1_001.fastq.gz	AT_p01_PL_1_TCCTGAGC-TATCCTCT_L00M_R1_001.fastq.gz	ERR7425569	ftp://ftp.sra.ebi.ac.uk/vol1/fastq/ERR742/009/ERR7425569/ERR7425569_1.fastq.gz	p01	plasma cell
Sample 3	ERS8953526	SAMEA11308665	AT	Homo sapiens	adult	23	year	EFO	UO_0000036	male	normal	peripheral blood	plasma cell	p01	1	cell	P-MTAB-116471	P-MTAB-116472	P-MTAB-116473	Sample 3	PAIRED	PCR	TRANSCRIPTOMIC	not applicable	AMPLICON	5'-3'-3'-5'	P-MTAB-116474	Evrogen JSC	Sample 3	sequencing assay	ERX6994667	AT_p01_PL_1_TCCTGAGC-TATCCTCT_L00M_R2_001.fastq.gz	AT_p01_PL_1_TCCTGAGC-TATCCTCT_L00M_R2_001.fastq.gz	ERR7425569	ftp://ftp.sra.ebi.ac.uk/vol1/fastq/ERR742/009/ERR7425569/ERR7425569_2.fastq.gz	p01	plasma cell
Sample 33	ERS8953527	SAMEA11308666	IM	Homo sapiens	adult	39	year	EFO	UO_0000036	male	normal	peripheral blood	plasma cell	p01	1	cell	P-MTAB-116471	P-MTAB-116472	P-MTAB-116473	Sample 33	PAIRED	PCR	TRANSCRIPTOMIC	not applicable	AMPLICON	5'-3'-3'-5'	P-MTAB-116474	Evrogen JSC	Sample 33	sequencing assay	ERX6994668	IM_p01_PL_1_CAGAGAGG-TATCCTCT_L00M_R2_001.fastq.gz	IM_p01_PL_1_CAGAGAGG-TATCCTCT_L00M_R2_001.fastq.gz	ERR7425570	ftp://ftp.sra.ebi.ac.uk/vol1/fastq/ERR742/000/ERR7425570/ERR7425570_1.fastq.gz	p01	plasma cell
Sample 33	ERS8953527	SAMEA11308666	IM	Homo sapiens	adult	39	year	EFO	UO_0000036	male	normal	peripheral blood	plasma cell	p01	1	cell	P-MTAB-116471	P-MTAB-116472	P-MTAB-116473	Sample 33	PAIRED	PCR	TRANSCRIPTOMIC	not applicable	AMPLICON	5'-3'-3'-5'	P-MTAB-116474	Evrogen JSC	Sample 33	sequencing assay	ERX6994668	IM_p01_PL_1_CAGAGAGG-TATCCTCT_L00M_R1_001.fastq.gz	IM_p01_PL_1_CAGAGAGG-TATCCTCT_L00M_R1_001.fastq.gz	ERR7425570	ftp://ftp.sra.ebi.ac.uk/vol1/fastq/ERR742/000/ERR7425570/ERR7425570_2.fastq.gz	p01	plasma cell
Sample 38	ERS8953528	SAMEA11308667	IM	Homo sapiens	adult	39	year	EFO	UO_0000036	male	normal	peripheral blood	plasma cell	p02	2	cell	P-MTAB-116471	P-MTAB-116472	P-MTAB-116473	Sample 38	PAIRED	PCR	TRANSCRIPTOMIC	not applicable	AMPLICON	5'-3'-3'-5'	P-MTAB-116474	Evrogen JSC	Sample 38	sequencing assay	ERX6994669	IM_p02_PL_2_TCCTGAGC-TAGATCGC_L00M_R1_001.fastq.gz	IM_p02_PL_2_TCCTGAGC-TAGATCGC_L00M_R1_001.fastq.gz	ERR7425571	ftp://ftp.sra.ebi.ac.uk/vol1/fastq/ERR742/001/ERR7425571/ERR7425571_1.fastq.gz	p02	plasma cell
Sample 38	ERS8953528	SAMEA11308667	IM	Homo sapiens	adult	39	year	EFO	UO_0000036	male	normal	peripheral blood	plasma cell	p02	2	cell	P-MTAB-116471	P-MTAB-116472	P-MTAB-116473	Sample 38	PAIRED	PCR	TRANSCRIPTOMIC	not applicable	AMPLICON	5'-3'-3'-5'	P-MTAB-116474	Evrogen JSC	Sample 38	sequencing assay	ERX6994669	IM_p02_PL_2_TCCTGAGC-TAGATCGC_L00M_R2_001.fastq.gz	IM_p02_PL_2_TCCTGAGC-TAGATCGC_L00M_R2_001.fastq.gz	ERR7425571	ftp://ftp.sra.ebi.ac.uk/vol1/fastq/ERR742/001/ERR7425571/ERR7425571_2.fastq.gz	p02	plasma cell
Sample 43	ERS8953529	SAMEA11308668	IM	Homo sapiens	adult	39	year	EFO	UO_0000036	male	normal	peripheral blood	plasma cell	p03	1	cell	P-MTAB-116471	P-MTAB-116472	P-MTAB-116473	Sample 43	PAIRED	PCR	TRANSCRIPTOMIC	not applicable	AMPLICON	5'-3'-3'-5'	P-MTAB-116474	Evrogen JSC	Sample 43	sequencing assay	ERX6994670	IM_p03_PL_1_TAGGCATG-CTCTCTAT_L00M_R1_001.fastq.gz	IM_p03_PL_1_TAGGCATG-CTCTCTAT_L00M_R1_001.fastq.gz	ERR7425572	ftp://ftp.sra.ebi.ac.uk/vol1/fastq/ERR742/002/ERR7425572/ERR7425572_1.fastq.gz	p03	plasma cell
Sample 43	ERS8953529	SAMEA11308668	IM	Homo sapiens	adult	39	year	EFO	UO_0000036	male	normal	peripheral blood	plasma cell	p03	1	cell	P-MTAB-116471	P-MTAB-116472	P-MTAB-116473	Sample 43	PAIRED	PCR	TRANSCRIPTOMIC	not applicable	AMPLICON	5'-3'-3'-5'	P-MTAB-116474	Evrogen JSC	Sample 43	sequencing assay	ERX6994670	IM_p03_PL_1_TAGGCATG-CTCTCTAT_L00M_R2_001.fastq.gz	IM_p03_PL_1_TAGGCATG-CTCTCTAT_L00M_R2_001.fastq.gz	ERR7425572	ftp://ftp.sra.ebi.ac.uk/vol1/fastq/ERR742/002/ERR7425572/ERR7425572_2.fastq.gz	p03	plasma cell
Sample 44	ERS8953530	SAMEA11308669	IM	Homo sapiens	adult	39	year	EFO	UO_0000036	male	normal	peripheral blood	plasma cell	p03	2	cell	P-MTAB-116471	P-MTAB-116472	P-MTAB-116473	Sample 44	PAIRED	PCR	TRANSCRIPTOMIC	not applicable	AMPLICON	5'-3'-3'-5'	P-MTAB-116474	Evrogen JSC	Sample 44	sequencing assay	ERX6994671	IM_p03_PL_2_CTCTCTAC-CTCTCTAT_L00M_R2_001.fastq.gz	IM_p03_PL_2_CTCTCTAC-CTCTCTAT_L00M_R2_001.fastq.gz	ERR7425573	ftp://ftp.sra.ebi.ac.uk/vol1/fastq/ERR742/003/ERR7425573/ERR7425573_1.fastq.gz	p03	plasma cell
Sample 44	ERS8953530	SAMEA11308669	IM	Homo sapiens	adult	39	year	EFO	UO_0000036	male	normal	peripheral blood	plasma cell	p03	2	cell	P-MTAB-116471	P-MTAB-116472	P-MTAB-116473	Sample 44	PAIRED	PCR	TRANSCRIPTOMIC	not applicable	AMPLICON	5'-3'-3'-5'	P-MTAB-116474	Evrogen JSC	Sample 44	sequencing assay	ERX6994671	IM_p03_PL_2_CTCTCTAC-CTCTCTAT_L00M_R1_001.fastq.gz	IM_p03_PL_2_CTCTCTAC-CTCTCTAT_L00M_R1_001.fastq.gz	ERR7425573	ftp://ftp.sra.ebi.ac.uk/vol1/fastq/ERR742/003/ERR7425573/ERR7425573_2.fastq.gz	p03	plasma cell
Sample 47	ERS8953531	SAMEA11308670	IZ	Homo sapiens	adult	33	year	EFO	UO_0000036	male	normal	peripheral blood	plasma cell	p01	1	cell	P-MTAB-116471	P-MTAB-116472	P-MTAB-116473	Sample 47	PAIRED	PCR	TRANSCRIPTOMIC	not applicable	AMPLICON	5'-3'-3'-5'	P-MTAB-116474	Evrogen JSC	Sample 47	sequencing assay	ERX6994672	IZ_p01_PL_1_TAGGCATG-TATCCTCT_L00M_R1_001.fastq.gz	IZ_p01_PL_1_TAGGCATG-TATCCTCT_L00M_R1_001.fastq.gz	ERR7425574	ftp://ftp.sra.ebi.ac.uk/vol1/fastq/ERR742/004/ERR7425574/ERR7425574_1.fastq.gz	p01	plasma cell
Sample 47	ERS8953531	SAMEA11308670	IZ	Homo sapiens	adult	33	year	EFO	UO_0000036	male	normal	peripheral blood	plasma cell	p01	1	cell	P-MTAB-116471	P-MTAB-116472	P-MTAB-116473	Sample 47	PAIRED	PCR	TRANSCRIPTOMIC	not applicable	AMPLICON	5'-3'-3'-5'	P-MTAB-116474	Evrogen JSC	Sample 47	sequencing assay	ERX6994672	IZ_p01_PL_1_TAGGCATG-TATCCTCT_L00M_R2_001.fastq.gz	IZ_p01_PL_1_TAGGCATG-TATCCTCT_L00M_R2_001.fastq.gz	ERR7425574	ftp://ftp.sra.ebi.ac.uk/vol1/fastq/ERR742/004/ERR7425574/ERR7425574_2.fastq.gz	p01	plasma cell
Sample 52	ERS8953532	SAMEA11308671	IZ	Homo sapiens	adult	33	year	EFO	UO_0000036	male	normal	peripheral blood	plasma cell	p02	1	cell	P-MTAB-116471	P-MTAB-116472	P-MTAB-116473	Sample 52	PAIRED	PCR	TRANSCRIPTOMIC	not applicable	AMPLICON	5'-3'-3'-5'	P-MTAB-116474	Evrogen JSC	Sample 52	sequencing assay	ERX6994673	IZ_p02_PL_1_TAGGCATG-TAGATCGC_L00M_R1_001.fastq.gz	IZ_p02_PL_1_TAGGCATG-TAGATCGC_L00M_R1_001.fastq.gz	ERR7425575	ftp://ftp.sra.ebi.ac.uk/vol1/fastq/ERR742/005/ERR7425575/ERR7425575_1.fastq.gz	p02	plasma cell
Sample 52	ERS8953532	SAMEA11308671	IZ	Homo sapiens	adult	33	year	EFO	UO_0000036	male	normal	peripheral blood	plasma cell	p02	1	cell	P-MTAB-116471	P-MTAB-116472	P-MTAB-116473	Sample 52	PAIRED	PCR	TRANSCRIPTOMIC	not applicable	AMPLICON	5'-3'-3'-5'	P-MTAB-116474	Evrogen JSC	Sample 52	sequencing assay	ERX6994673	IZ_p02_PL_1_TAGGCATG-TAGATCGC_L00M_R2_001.fastq.gz	IZ_p02_PL_1_TAGGCATG-TAGATCGC_L00M_R2_001.fastq.gz	ERR7425575	ftp://ftp.sra.ebi.ac.uk/vol1/fastq/ERR742/005/ERR7425575/ERR7425575_2.fastq.gz	p02	plasma cell
Sample 53	ERS8953533	SAMEA11308672	IZ	Homo sapiens	adult	33	year	EFO	UO_0000036	male	normal	peripheral blood	plasma cell	p02	2	cell	P-MTAB-116471	P-MTAB-116472	P-MTAB-116473	Sample 53	PAIRED	PCR	TRANSCRIPTOMIC	not applicable	AMPLICON	5'-3'-3'-5'	P-MTAB-116474	Evrogen JSC	Sample 53	sequencing assay	ERX6994674	IZ_p02_PL_2_CTCTCTAC-TAGATCGC_L00M_R1_001.fastq.gz	IZ_p02_PL_2_CTCTCTAC-TAGATCGC_L00M_R1_001.fastq.gz	ERR7425576	ftp://ftp.sra.ebi.ac.uk/vol1/fastq/ERR742/006/ERR7425576/ERR7425576_1.fastq.gz	p02	plasma cell
Sample 53	ERS8953533	SAMEA11308672	IZ	Homo sapiens	adult	33	year	EFO	UO_0000036	male	normal	peripheral blood	plasma cell	p02	2	cell	P-MTAB-116471	P-MTAB-116472	P-MTAB-116473	Sample 53	PAIRED	PCR	TRANSCRIPTOMIC	not applicable	AMPLICON	5'-3'-3'-5'	P-MTAB-116474	Evrogen JSC	Sample 53	sequencing assay	ERX6994674	IZ_p02_PL_2_CTCTCTAC-TAGATCGC_L00M_R2_001.fastq.gz	IZ_p02_PL_2_CTCTCTAC-TAGATCGC_L00M_R2_001.fastq.gz	ERR7425576	ftp://ftp.sra.ebi.ac.uk/vol1/fastq/ERR742/006/ERR7425576/ERR7425576_2.fastq.gz	p02	plasma cell
Sample 58	ERS8953534	SAMEA11308673	IZ	Homo sapiens	adult	33	year	EFO	UO_0000036	male	normal	peripheral blood	plasma cell	p03	1	cell	P-MTAB-116471	P-MTAB-116472	P-MTAB-116473	Sample 58	PAIRED	PCR	TRANSCRIPTOMIC	not applicable	AMPLICON	5'-3'-3'-5'	P-MTAB-116474	Evrogen JSC	Sample 58	sequencing assay	ERX6994675	IZ_p03_PL_1_CAGAGAGG-CTCTCTAT_L00M_R2_001.fastq.gz	IZ_p03_PL_1_CAGAGAGG-CTCTCTAT_L00M_R2_001.fastq.gz	ERR7425577	ftp://ftp.sra.ebi.ac.uk/vol1/fastq/ERR742/007/ERR7425577/ERR7425577_1.fastq.gz	p03	plasma cell
Sample 58	ERS8953534	SAMEA11308673	IZ	Homo sapiens	adult	33	year	EFO	UO_0000036	male	normal	peripheral blood	plasma cell	p03	1	cell	P-MTAB-116471	P-MTAB-116472	P-MTAB-116473	Sample 58	PAIRED	PCR	TRANSCRIPTOMIC	not applicable	AMPLICON	5'-3'-3'-5'	P-MTAB-116474	Evrogen JSC	Sample 58	sequencing assay	ERX6994675	IZ_p03_PL_1_CAGAGAGG-CTCTCTAT_L00M_R1_001.fastq.gz	IZ_p03_PL_1_CAGAGAGG-CTCTCTAT_L00M_R1_001.fastq.gz	ERR7425577	ftp://ftp.sra.ebi.ac.uk/vol1/fastq/ERR742/007/ERR7425577/ERR7425577_2.fastq.gz	p03	plasma cell
Sample 59	ERS8953535	SAMEA11308674	IZ	Homo sapiens	adult	33	year	EFO	UO_0000036	male	normal	peripheral blood	plasma cell	p03	2	cell	P-MTAB-116471	P-MTAB-116472	P-MTAB-116473	Sample 59	PAIRED	PCR	TRANSCRIPTOMIC	not applicable	AMPLICON	5'-3'-3'-5'	P-MTAB-116474	Evrogen JSC	Sample 59	sequencing assay	ERX6994676	IZ_p03_PL_2_AAGAGGCA-CTCTCTAT_L00M_R1_001.fastq.gz	IZ_p03_PL_2_AAGAGGCA-CTCTCTAT_L00M_R1_001.fastq.gz	ERR7425578	ftp://ftp.sra.ebi.ac.uk/vol1/fastq/ERR742/008/ERR7425578/ERR7425578_1.fastq.gz	p03	plasma cell
Sample 59	ERS8953535	SAMEA11308674	IZ	Homo sapiens	adult	33	year	EFO	UO_0000036	male	normal	peripheral blood	plasma cell	p03	2	cell	P-MTAB-116471	P-MTAB-116472	P-MTAB-116473	Sample 59	PAIRED	PCR	TRANSCRIPTOMIC	not applicable	AMPLICON	5'-3'-3'-5'	P-MTAB-116474	Evrogen JSC	Sample 59	sequencing assay	ERX6994676	IZ_p03_PL_2_AAGAGGCA-CTCTCTAT_L00M_R2_001.fastq.gz	IZ_p03_PL_2_AAGAGGCA-CTCTCTAT_L00M_R2_001.fastq.gz	ERR7425578	ftp://ftp.sra.ebi.ac.uk/vol1/fastq/ERR742/008/ERR7425578/ERR7425578_2.fastq.gz	p03	plasma cell
Sample 62	ERS8953536	SAMEA11308675	MRK	Homo sapiens	adult	27	year	EFO	UO_0000036	male	normal	peripheral blood	plasma cell	p01	1	cell	P-MTAB-116471	P-MTAB-116472	P-MTAB-116473	Sample 62	PAIRED	PCR	TRANSCRIPTOMIC	not applicable	AMPLICON	5'-3'-3'-5'	P-MTAB-116474	Evrogen JSC	Sample 62	sequencing assay	ERX6994677	MRK_p01_PL_1_CTCTCTAC-TATCCTCT_L00M_R2_001.fastq.gz	MRK_p01_PL_1_CTCTCTAC-TATCCTCT_L00M_R2_001.fastq.gz	ERR7425579	ftp://ftp.sra.ebi.ac.uk/vol1/fastq/ERR742/009/ERR7425579/ERR7425579_1.fastq.gz	p01	plasma cell
Sample 62	ERS8953536	SAMEA11308675	MRK	Homo sapiens	adult	27	year	EFO	UO_0000036	male	normal	peripheral blood	plasma cell	p01	1	cell	P-MTAB-116471	P-MTAB-116472	P-MTAB-116473	Sample 62	PAIRED	PCR	TRANSCRIPTOMIC	not applicable	AMPLICON	5'-3'-3'-5'	P-MTAB-116474	Evrogen JSC	Sample 62	sequencing assay	ERX6994677	MRK_p01_PL_1_CTCTCTAC-TATCCTCT_L00M_R1_001.fastq.gz	MRK_p01_PL_1_CTCTCTAC-TATCCTCT_L00M_R1_001.fastq.gz	ERR7425579	ftp://ftp.sra.ebi.ac.uk/vol1/fastq/ERR742/009/ERR7425579/ERR7425579_2.fastq.gz	p01	plasma cell
Sample 68	ERS8953537	SAMEA11308676	MRK	Homo sapiens	adult	27	year	EFO	UO_0000036	male	normal	peripheral blood	plasma cell	p02	1	cell	P-MTAB-116471	P-MTAB-116472	P-MTAB-116473	Sample 68	PAIRED	PCR	TRANSCRIPTOMIC	not applicable	AMPLICON	5'-3'-3'-5'	P-MTAB-116474	Evrogen JSC	Sample 68	sequencing assay	ERX6994678	MRK_p02_PL_1_CAGAGAGG-TAGATCGC_L00M_R1_001.fastq.gz	MRK_p02_PL_1_CAGAGAGG-TAGATCGC_L00M_R1_001.fastq.gz	ERR7425580	ftp://ftp.sra.ebi.ac.uk/vol1/fastq/ERR742/000/ERR7425580/ERR7425580_1.fastq.gz	p02	plasma cell
Sample 68	ERS8953537	SAMEA11308676	MRK	Homo sapiens	adult	27	year	EFO	UO_0000036	male	normal	peripheral blood	plasma cell	p02	1	cell	P-MTAB-116471	P-MTAB-116472	P-MTAB-116473	Sample 68	PAIRED	PCR	TRANSCRIPTOMIC	not applicable	AMPLICON	5'-3'-3'-5'	P-MTAB-116474	Evrogen JSC	Sample 68	sequencing assay	ERX6994678	MRK_p02_PL_1_CAGAGAGG-TAGATCGC_L00M_R2_001.fastq.gz	MRK_p02_PL_1_CAGAGAGG-TAGATCGC_L00M_R2_001.fastq.gz	ERR7425580	ftp://ftp.sra.ebi.ac.uk/vol1/fastq/ERR742/000/ERR7425580/ERR7425580_2.fastq.gz	p02	plasma cell
Sample 69	ERS8953538	SAMEA11308677	MRK	Homo sapiens	adult	27	year	EFO	UO_0000036	male	normal	peripheral blood	plasma cell	p02	2	cell	P-MTAB-116471	P-MTAB-116472	P-MTAB-116473	Sample 69	PAIRED	PCR	TRANSCRIPTOMIC	not applicable	AMPLICON	5'-3'-3'-5'	P-MTAB-116474	Evrogen JSC	Sample 69	sequencing assay	ERX6994679	MRK_p02_PL_2_AAGAGGCA-TAGATCGC_L00M_R2_001.fastq.gz	MRK_p02_PL_2_AAGAGGCA-TAGATCGC_L00M_R2_001.fastq.gz	ERR7425581	ftp://ftp.sra.ebi.ac.uk/vol1/fastq/ERR742/001/ERR7425581/ERR7425581_1.fastq.gz	p02	plasma cell
Sample 69	ERS8953538	SAMEA11308677	MRK	Homo sapiens	adult	27	year	EFO	UO_0000036	male	normal	peripheral blood	plasma cell	p02	2	cell	P-MTAB-116471	P-MTAB-116472	P-MTAB-116473	Sample 69	PAIRED	PCR	TRANSCRIPTOMIC	not applicable	AMPLICON	5'-3'-3'-5'	P-MTAB-116474	Evrogen JSC	Sample 69	sequencing assay	ERX6994679	MRK_p02_PL_2_AAGAGGCA-TAGATCGC_L00M_R1_001.fastq.gz	MRK_p02_PL_2_AAGAGGCA-TAGATCGC_L00M_R1_001.fastq.gz	ERR7425581	ftp://ftp.sra.ebi.ac.uk/vol1/fastq/ERR742/001/ERR7425581/ERR7425581_2.fastq.gz	p02	plasma cell
Sample 7	ERS8953539	SAMEA11308678	AT	Homo sapiens	adult	23	year	EFO	UO_0000036	male	normal	peripheral blood	plasma cell	p02	1	cell	P-MTAB-116471	P-MTAB-116472	P-MTAB-116473	Sample 7	PAIRED	PCR	TRANSCRIPTOMIC	not applicable	AMPLICON	5'-3'-3'-5'	P-MTAB-116474	Evrogen JSC	Sample 7	sequencing assay	ERX6994680	AT_p02_PL_1_TAAGGCGA-TAGATCGC_L00M_R2_001.fastq.gz	AT_p02_PL_1_TAAGGCGA-TAGATCGC_L00M_R2_001.fastq.gz	ERR7425582	ftp://ftp.sra.ebi.ac.uk/vol1/fastq/ERR742/002/ERR7425582/ERR7425582_1.fastq.gz	p02	plasma cell
Sample 7	ERS8953539	SAMEA11308678	AT	Homo sapiens	adult	23	year	EFO	UO_0000036	male	normal	peripheral blood	plasma cell	p02	1	cell	P-MTAB-116471	P-MTAB-116472	P-MTAB-116473	Sample 7	PAIRED	PCR	TRANSCRIPTOMIC	not applicable	AMPLICON	5'-3'-3'-5'	P-MTAB-116474	Evrogen JSC	Sample 7	sequencing assay	ERX6994680	AT_p02_PL_1_TAAGGCGA-TAGATCGC_L00M_R1_001.fastq.gz	AT_p02_PL_1_TAAGGCGA-TAGATCGC_L00M_R1_001.fastq.gz	ERR7425582	ftp://ftp.sra.ebi.ac.uk/vol1/fastq/ERR742/002/ERR7425582/ERR7425582_2.fastq.gz	p02	plasma cell
Sample 70	ERS8953540	SAMEA11308679	MRK	Homo sapiens	adult	27	year	EFO	UO_0000036	male	normal	peripheral blood	plasma cell	p02	3	cell	P-MTAB-116471	P-MTAB-116472	P-MTAB-116473	Sample 70	PAIRED	PCR	TRANSCRIPTOMIC	not applicable	AMPLICON	5'-3'-3'-5'	P-MTAB-116474	Evrogen JSC	Sample 70	sequencing assay	ERX6994681	MRK_p02_PL_3_GTAGAGGA-TAGATCGC_L00M_R1_001.fastq.gz	MRK_p02_PL_3_GTAGAGGA-TAGATCGC_L00M_R1_001.fastq.gz	ERR7425583	ftp://ftp.sra.ebi.ac.uk/vol1/fastq/ERR742/003/ERR7425583/ERR7425583_1.fastq.gz	p02	plasma cell
Sample 70	ERS8953540	SAMEA11308679	MRK	Homo sapiens	adult	27	year	EFO	UO_0000036	male	normal	peripheral blood	plasma cell	p02	3	cell	P-MTAB-116471	P-MTAB-116472	P-MTAB-116473	Sample 70	PAIRED	PCR	TRANSCRIPTOMIC	not applicable	AMPLICON	5'-3'-3'-5'	P-MTAB-116474	Evrogen JSC	Sample 70	sequencing assay	ERX6994681	MRK_p02_PL_3_GTAGAGGA-TAGATCGC_L00M_R2_001.fastq.gz	MRK_p02_PL_3_GTAGAGGA-TAGATCGC_L00M_R2_001.fastq.gz	ERR7425583	ftp://ftp.sra.ebi.ac.uk/vol1/fastq/ERR742/003/ERR7425583/ERR7425583_2.fastq.gz	p02	plasma cell
Sample 75	ERS8953541	SAMEA11308680	MRK	Homo sapiens	adult	27	year	EFO	UO_0000036	male	normal	peripheral blood	plasma cell	p03	1	cell	P-MTAB-116471	P-MTAB-116472	P-MTAB-116473	Sample 75	PAIRED	PCR	TRANSCRIPTOMIC	not applicable	AMPLICON	5'-3'-3'-5'	P-MTAB-116474	Evrogen JSC	Sample 75	sequencing assay	ERX6994682	MRK_p03_PL_1_GCTCATGA-CTCTCTAT_L00M_R1_001.fastq.gz	MRK_p03_PL_1_GCTCATGA-CTCTCTAT_L00M_R1_001.fastq.gz	ERR7425584	ftp://ftp.sra.ebi.ac.uk/vol1/fastq/ERR742/004/ERR7425584/ERR7425584_1.fastq.gz	p03	plasma cell
Sample 75	ERS8953541	SAMEA11308680	MRK	Homo sapiens	adult	27	year	EFO	UO_0000036	male	normal	peripheral blood	plasma cell	p03	1	cell	P-MTAB-116471	P-MTAB-116472	P-MTAB-116473	Sample 75	PAIRED	PCR	TRANSCRIPTOMIC	not applicable	AMPLICON	5'-3'-3'-5'	P-MTAB-116474	Evrogen JSC	Sample 75	sequencing assay	ERX6994682	MRK_p03_PL_1_GCTCATGA-CTCTCTAT_L00M_R2_001.fastq.gz	MRK_p03_PL_1_GCTCATGA-CTCTCTAT_L00M_R2_001.fastq.gz	ERR7425584	ftp://ftp.sra.ebi.ac.uk/vol1/fastq/ERR742/004/ERR7425584/ERR7425584_2.fastq.gz	p03	plasma cell
Sample 76	ERS8953542	SAMEA11308681	MRK	Homo sapiens	adult	27	year	EFO	UO_0000036	male	normal	peripheral blood	plasma cell	p03	2	cell	P-MTAB-116471	P-MTAB-116472	P-MTAB-116473	Sample 76	PAIRED	PCR	TRANSCRIPTOMIC	not applicable	AMPLICON	5'-3'-3'-5'	P-MTAB-116474	Evrogen JSC	Sample 76	sequencing assay	ERX6994683	MRK_p03_PL_2_TAGGCATG-CTAAGCCT_L00M_R1_001.fastq.gz	MRK_p03_PL_2_TAGGCATG-CTAAGCCT_L00M_R1_001.fastq.gz	ERR7425585	ftp://ftp.sra.ebi.ac.uk/vol1/fastq/ERR742/005/ERR7425585/ERR7425585_1.fastq.gz	p03	plasma cell
Sample 76	ERS8953542	SAMEA11308681	MRK	Homo sapiens	adult	27	year	EFO	UO_0000036	male	normal	peripheral blood	plasma cell	p03	2	cell	P-MTAB-116471	P-MTAB-116472	P-MTAB-116473	Sample 76	PAIRED	PCR	TRANSCRIPTOMIC	not applicable	AMPLICON	5'-3'-3'-5'	P-MTAB-116474	Evrogen JSC	Sample 76	sequencing assay	ERX6994683	MRK_p03_PL_2_TAGGCATG-CTAAGCCT_L00M_R2_001.fastq.gz	MRK_p03_PL_2_TAGGCATG-CTAAGCCT_L00M_R2_001.fastq.gz	ERR7425585	ftp://ftp.sra.ebi.ac.uk/vol1/fastq/ERR742/005/ERR7425585/ERR7425585_2.fastq.gz	p03	plasma cell
Sample 81	ERS8953543	SAMEA11308682	MT	Homo sapiens	adult	27	year	EFO	UO_0000036	female	normal	peripheral blood	plasma cell	p03	1	cell	P-MTAB-116471	P-MTAB-116472	P-MTAB-116473	Sample 81	PAIRED	PCR	TRANSCRIPTOMIC	not applicable	AMPLICON	5'-3'-3'-5'	P-MTAB-116474	Evrogen JSC	Sample 81	sequencing assay	ERX6994684	MT_p03_PL_1_GTAGAGGA-CTCTCTAT_L00M_R2_001.fastq.gz	MT_p03_PL_1_GTAGAGGA-CTCTCTAT_L00M_R2_001.fastq.gz	ERR7425586	ftp://ftp.sra.ebi.ac.uk/vol1/fastq/ERR742/006/ERR7425586/ERR7425586_1.fastq.gz	p03	plasma cell
Sample 81	ERS8953543	SAMEA11308682	MT	Homo sapiens	adult	27	year	EFO	UO_0000036	female	normal	peripheral blood	plasma cell	p03	1	cell	P-MTAB-116471	P-MTAB-116472	P-MTAB-116473	Sample 81	PAIRED	PCR	TRANSCRIPTOMIC	not applicable	AMPLICON	5'-3'-3'-5'	P-MTAB-116474	Evrogen JSC	Sample 81	sequencing assay	ERX6994684	MT_p03_PL_1_GTAGAGGA-CTCTCTAT_L00M_R1_001.fastq.gz	MT_p03_PL_1_GTAGAGGA-CTCTCTAT_L00M_R1_001.fastq.gz	ERR7425586	ftp://ftp.sra.ebi.ac.uk/vol1/fastq/ERR742/006/ERR7425586/ERR7425586_2.fastq.gz	p03	plasma cell
Sample 10	ERS8953544	SAMEA11308683	AT	Homo sapiens	adult	23	year	EFO	UO_0000036	male	normal	peripheral blood	plasmablast	p03	1	cell	P-MTAB-116471	P-MTAB-116472	P-MTAB-116473	Sample 10	PAIRED	PCR	TRANSCRIPTOMIC	not applicable	AMPLICON	5'-3'-3'-5'	P-MTAB-116474	Evrogen JSC	Sample 10	sequencing assay	ERX6994685	AT_p03_PBL_1_TAAGGCGA-ACTGCATA_L00M_R2_001.fastq.gz	AT_p03_PBL_1_TAAGGCGA-ACTGCATA_L00M_R2_001.fastq.gz	ERR7425587	ftp://ftp.sra.ebi.ac.uk/vol1/fastq/ERR742/007/ERR7425587/ERR7425587_1.fastq.gz	p03	plasmablast
Sample 10	ERS8953544	SAMEA11308683	AT	Homo sapiens	adult	23	year	EFO	UO_0000036	male	normal	peripheral blood	plasmablast	p03	1	cell	P-MTAB-116471	P-MTAB-116472	P-MTAB-116473	Sample 10	PAIRED	PCR	TRANSCRIPTOMIC	not applicable	AMPLICON	5'-3'-3'-5'	P-MTAB-116474	Evrogen JSC	Sample 10	sequencing assay	ERX6994685	AT_p03_PBL_1_TAAGGCGA-ACTGCATA_L00M_R1_001.fastq.gz	AT_p03_PBL_1_TAAGGCGA-ACTGCATA_L00M_R1_001.fastq.gz	ERR7425587	ftp://ftp.sra.ebi.ac.uk/vol1/fastq/ERR742/007/ERR7425587/ERR7425587_2.fastq.gz	p03	plasmablast
Sample 11	ERS8953545	SAMEA11308684	AT	Homo sapiens	adult	23	year	EFO	UO_0000036	male	normal	peripheral blood	plasmablast	p03	2	cell	P-MTAB-116471	P-MTAB-116472	P-MTAB-116473	Sample 11	PAIRED	PCR	TRANSCRIPTOMIC	not applicable	AMPLICON	5'-3'-3'-5'	P-MTAB-116474	Evrogen JSC	Sample 11	sequencing assay	ERX6994686	AT_p03_PBL_2_CGTACTAG-ACTGCATA_L00M_R2_001.fastq.gz	AT_p03_PBL_2_CGTACTAG-ACTGCATA_L00M_R2_001.fastq.gz	ERR7425588	ftp://ftp.sra.ebi.ac.uk/vol1/fastq/ERR742/008/ERR7425588/ERR7425588_1.fastq.gz	p03	plasmablast
Sample 11	ERS8953545	SAMEA11308684	AT	Homo sapiens	adult	23	year	EFO	UO_0000036	male	normal	peripheral blood	plasmablast	p03	2	cell	P-MTAB-116471	P-MTAB-116472	P-MTAB-116473	Sample 11	PAIRED	PCR	TRANSCRIPTOMIC	not applicable	AMPLICON	5'-3'-3'-5'	P-MTAB-116474	Evrogen JSC	Sample 11	sequencing assay	ERX6994686	AT_p03_PBL_2_CGTACTAG-ACTGCATA_L00M_R1_001.fastq.gz	AT_p03_PBL_2_CGTACTAG-ACTGCATA_L00M_R1_001.fastq.gz	ERR7425588	ftp://ftp.sra.ebi.ac.uk/vol1/fastq/ERR742/008/ERR7425588/ERR7425588_2.fastq.gz	p03	plasmablast
Sample 18	ERS8953546	SAMEA11308685	D01	Homo sapiens	adult	27	year	EFO	UO_0000036	female	normal	peripheral blood	plasmablast	p02	1	cell	P-MTAB-116471	P-MTAB-116472	P-MTAB-116473	Sample 18	PAIRED	PCR	TRANSCRIPTOMIC	not applicable	AMPLICON	5'-3'-3'-5'	P-MTAB-116474	Evrogen JSC	Sample 18	sequencing assay	ERX6994687	D01_p02_PBL_1_GCTACGCT-CTCTCTAT_L00M_R2_001.fastq.gz	D01_p02_PBL_1_GCTACGCT-CTCTCTAT_L00M_R2_001.fastq.gz	ERR7425589	ftp://ftp.sra.ebi.ac.uk/vol1/fastq/ERR742/009/ERR7425589/ERR7425589_1.fastq.gz	p02	plasmablast
Sample 18	ERS8953546	SAMEA11308685	D01	Homo sapiens	adult	27	year	EFO	UO_0000036	female	normal	peripheral blood	plasmablast	p02	1	cell	P-MTAB-116471	P-MTAB-116472	P-MTAB-116473	Sample 18	PAIRED	PCR	TRANSCRIPTOMIC	not applicable	AMPLICON	5'-3'-3'-5'	P-MTAB-116474	Evrogen JSC	Sample 18	sequencing assay	ERX6994687	D01_p02_PBL_1_GCTACGCT-CTCTCTAT_L00M_R1_001.fastq.gz	D01_p02_PBL_1_GCTACGCT-CTCTCTAT_L00M_R1_001.fastq.gz	ERR7425589	ftp://ftp.sra.ebi.ac.uk/vol1/fastq/ERR742/009/ERR7425589/ERR7425589_2.fastq.gz	p02	plasmablast
Sample 19	ERS8953547	SAMEA11308686	D01	Homo sapiens	adult	27	year	EFO	UO_0000036	female	normal	peripheral blood	plasmablast	p02	2	cell	P-MTAB-116471	P-MTAB-116472	P-MTAB-116473	Sample 19	PAIRED	PCR	TRANSCRIPTOMIC	not applicable	AMPLICON	5'-3'-3'-5'	P-MTAB-116474	Evrogen JSC	Sample 19	sequencing assay	ERX6994688	D01_p02_PBL_2_GCTACGCT-TATCCTCT_L00M_R1_001.fastq.gz	D01_p02_PBL_2_GCTACGCT-TATCCTCT_L00M_R1_001.fastq.gz	ERR7425590	ftp://ftp.sra.ebi.ac.uk/vol1/fastq/ERR742/000/ERR7425590/ERR7425590_1.fastq.gz	p02	plasmablast
Sample 19	ERS8953547	SAMEA11308686	D01	Homo sapiens	adult	27	year	EFO	UO_0000036	female	normal	peripheral blood	plasmablast	p02	2	cell	P-MTAB-116471	P-MTAB-116472	P-MTAB-116473	Sample 19	PAIRED	PCR	TRANSCRIPTOMIC	not applicable	AMPLICON	5'-3'-3'-5'	P-MTAB-116474	Evrogen JSC	Sample 19	sequencing assay	ERX6994688	D01_p02_PBL_2_GCTACGCT-TATCCTCT_L00M_R2_001.fastq.gz	D01_p02_PBL_2_GCTACGCT-TATCCTCT_L00M_R2_001.fastq.gz	ERR7425590	ftp://ftp.sra.ebi.ac.uk/vol1/fastq/ERR742/000/ERR7425590/ERR7425590_2.fastq.gz	p02	plasmablast
Sample 2	ERS8953548	SAMEA11308687	AT	Homo sapiens	adult	23	year	EFO	UO_0000036	male	normal	peripheral blood	plasmablast	p01	1	cell	P-MTAB-116471	P-MTAB-116472	P-MTAB-116473	Sample 2	PAIRED	PCR	TRANSCRIPTOMIC	not applicable	AMPLICON	5'-3'-3'-5'	P-MTAB-116474	Evrogen JSC	Sample 2	sequencing assay	ERX6994689	AT_p01_PBL_1_GCTACGCT-CTAAGCCT_L00M_R2_001.fastq.gz	AT_p01_PBL_1_GCTACGCT-CTAAGCCT_L00M_R2_001.fastq.gz	ERR7425591	ftp://ftp.sra.ebi.ac.uk/vol1/fastq/ERR742/001/ERR7425591/ERR7425591_1.fastq.gz	p01	plasmablast
Sample 2	ERS8953548	SAMEA11308687	AT	Homo sapiens	adult	23	year	EFO	UO_0000036	male	normal	peripheral blood	plasmablast	p01	1	cell	P-MTAB-116471	P-MTAB-116472	P-MTAB-116473	Sample 2	PAIRED	PCR	TRANSCRIPTOMIC	not applicable	AMPLICON	5'-3'-3'-5'	P-MTAB-116474	Evrogen JSC	Sample 2	sequencing assay	ERX6994689	AT_p01_PBL_1_GCTACGCT-CTAAGCCT_L00M_R1_001.fastq.gz	AT_p01_PBL_1_GCTACGCT-CTAAGCCT_L00M_R1_001.fastq.gz	ERR7425591	ftp://ftp.sra.ebi.ac.uk/vol1/fastq/ERR742/001/ERR7425591/ERR7425591_2.fastq.gz	p01	plasmablast
Sample 24	ERS8953549	SAMEA11308688	D01	Homo sapiens	adult	27	year	EFO	UO_0000036	female	normal	peripheral blood	plasmablast	p03	1	cell	P-MTAB-116471	P-MTAB-116472	P-MTAB-116473	Sample 24	PAIRED	PCR	TRANSCRIPTOMIC	not applicable	AMPLICON	5'-3'-3'-5'	P-MTAB-116474	Evrogen JSC	Sample 24	sequencing assay	ERX6994690	D01_p03_PBL_1_AGGCAGAA-ACTGCATA_L00M_R1_001.fastq.gz	D01_p03_PBL_1_AGGCAGAA-ACTGCATA_L00M_R1_001.fastq.gz	ERR7425592	ftp://ftp.sra.ebi.ac.uk/vol1/fastq/ERR742/002/ERR7425592/ERR7425592_1.fastq.gz	p03	plasmablast
Sample 24	ERS8953549	SAMEA11308688	D01	Homo sapiens	adult	27	year	EFO	UO_0000036	female	normal	peripheral blood	plasmablast	p03	1	cell	P-MTAB-116471	P-MTAB-116472	P-MTAB-116473	Sample 24	PAIRED	PCR	TRANSCRIPTOMIC	not applicable	AMPLICON	5'-3'-3'-5'	P-MTAB-116474	Evrogen JSC	Sample 24	sequencing assay	ERX6994690	D01_p03_PBL_1_AGGCAGAA-ACTGCATA_L00M_R2_001.fastq.gz	D01_p03_PBL_1_AGGCAGAA-ACTGCATA_L00M_R2_001.fastq.gz	ERR7425592	ftp://ftp.sra.ebi.ac.uk/vol1/fastq/ERR742/002/ERR7425592/ERR7425592_2.fastq.gz	p03	plasmablast
Sample 25	ERS8953550	SAMEA11308689	D01	Homo sapiens	adult	27	year	EFO	UO_0000036	female	normal	peripheral blood	plasmablast	p03	2	cell	P-MTAB-116471	P-MTAB-116472	P-MTAB-116473	Sample 25	PAIRED	PCR	TRANSCRIPTOMIC	not applicable	AMPLICON	5'-3'-3'-5'	P-MTAB-116474	Evrogen JSC	Sample 25	sequencing assay	ERX6994691	D01_p03_PBL_2_TCCTGAGC-ACTGCATA_L00M_R1_001.fastq.gz	D01_p03_PBL_2_TCCTGAGC-ACTGCATA_L00M_R1_001.fastq.gz	ERR7425593	ftp://ftp.sra.ebi.ac.uk/vol1/fastq/ERR742/003/ERR7425593/ERR7425593_1.fastq.gz	p03	plasmablast
Sample 25	ERS8953550	SAMEA11308689	D01	Homo sapiens	adult	27	year	EFO	UO_0000036	female	normal	peripheral blood	plasmablast	p03	2	cell	P-MTAB-116471	P-MTAB-116472	P-MTAB-116473	Sample 25	PAIRED	PCR	TRANSCRIPTOMIC	not applicable	AMPLICON	5'-3'-3'-5'	P-MTAB-116474	Evrogen JSC	Sample 25	sequencing assay	ERX6994691	D01_p03_PBL_2_TCCTGAGC-ACTGCATA_L00M_R2_001.fastq.gz	D01_p03_PBL_2_TCCTGAGC-ACTGCATA_L00M_R2_001.fastq.gz	ERR7425593	ftp://ftp.sra.ebi.ac.uk/vol1/fastq/ERR742/003/ERR7425593/ERR7425593_2.fastq.gz	p03	plasmablast
Sample 26	ERS8953551	SAMEA11308690	D01	Homo sapiens	adult	27	year	EFO	UO_0000036	female	normal	peripheral blood	plasmablast	p03	3	cell	P-MTAB-116471	P-MTAB-116472	P-MTAB-116473	Sample 26	PAIRED	PCR	TRANSCRIPTOMIC	not applicable	AMPLICON	5'-3'-3'-5'	P-MTAB-116474	Evrogen JSC	Sample 26	sequencing assay	ERX6994692	D01_p03_PBL_3_TAGGCATG-AAGGAGTA_L00M_R2_001.fastq.gz	D01_p03_PBL_3_TAGGCATG-AAGGAGTA_L00M_R2_001.fastq.gz	ERR7425594	ftp://ftp.sra.ebi.ac.uk/vol1/fastq/ERR742/004/ERR7425594/ERR7425594_1.fastq.gz	p03	plasmablast
Sample 26	ERS8953551	SAMEA11308690	D01	Homo sapiens	adult	27	year	EFO	UO_0000036	female	normal	peripheral blood	plasmablast	p03	3	cell	P-MTAB-116471	P-MTAB-116472	P-MTAB-116473	Sample 26	PAIRED	PCR	TRANSCRIPTOMIC	not applicable	AMPLICON	5'-3'-3'-5'	P-MTAB-116474	Evrogen JSC	Sample 26	sequencing assay	ERX6994692	D01_p03_PBL_3_TAGGCATG-AAGGAGTA_L00M_R1_001.fastq.gz	D01_p03_PBL_3_TAGGCATG-AAGGAGTA_L00M_R1_001.fastq.gz	ERR7425594	ftp://ftp.sra.ebi.ac.uk/vol1/fastq/ERR742/004/ERR7425594/ERR7425594_2.fastq.gz	p03	plasmablast
Sample 32	ERS8953552	SAMEA11308691	IM	Homo sapiens	adult	39	year	EFO	UO_0000036	male	normal	peripheral blood	plasmablast	p01	1	cell	P-MTAB-116471	P-MTAB-116472	P-MTAB-116473	Sample 32	PAIRED	PCR	TRANSCRIPTOMIC	not applicable	AMPLICON	5'-3'-3'-5'	P-MTAB-116474	Evrogen JSC	Sample 32	sequencing assay	ERX6994693	IM_p01_PBL_1_CGAGGCTG-CTAAGCCT_L00M_R1_001.fastq.gz	IM_p01_PBL_1_CGAGGCTG-CTAAGCCT_L00M_R1_001.fastq.gz	ERR7425595	ftp://ftp.sra.ebi.ac.uk/vol1/fastq/ERR742/005/ERR7425595/ERR7425595_1.fastq.gz	p01	plasmablast
Sample 32	ERS8953552	SAMEA11308691	IM	Homo sapiens	adult	39	year	EFO	UO_0000036	male	normal	peripheral blood	plasmablast	p01	1	cell	P-MTAB-116471	P-MTAB-116472	P-MTAB-116473	Sample 32	PAIRED	PCR	TRANSCRIPTOMIC	not applicable	AMPLICON	5'-3'-3'-5'	P-MTAB-116474	Evrogen JSC	Sample 32	sequencing assay	ERX6994693	IM_p01_PBL_1_CGAGGCTG-CTAAGCCT_L00M_R2_001.fastq.gz	IM_p01_PBL_1_CGAGGCTG-CTAAGCCT_L00M_R2_001.fastq.gz	ERR7425595	ftp://ftp.sra.ebi.ac.uk/vol1/fastq/ERR742/005/ERR7425595/ERR7425595_2.fastq.gz	p01	plasmablast
Sample 36	ERS8953553	SAMEA11308692	IM	Homo sapiens	adult	39	year	EFO	UO_0000036	male	normal	peripheral blood	plasmablast	p02	1	cell	P-MTAB-116471	P-MTAB-116472	P-MTAB-116473	Sample 36	PAIRED	PCR	TRANSCRIPTOMIC	not applicable	AMPLICON	5'-3'-3'-5'	P-MTAB-116474	Evrogen JSC	Sample 36	sequencing assay	ERX6994694	IM_p02_PBL_1_CGAGGCTG-TAGATCGC_L00M_R1_001.fastq.gz	IM_p02_PBL_1_CGAGGCTG-TAGATCGC_L00M_R1_001.fastq.gz	ERR7425596	ftp://ftp.sra.ebi.ac.uk/vol1/fastq/ERR742/006/ERR7425596/ERR7425596_1.fastq.gz	p02	plasmablast
Sample 36	ERS8953553	SAMEA11308692	IM	Homo sapiens	adult	39	year	EFO	UO_0000036	male	normal	peripheral blood	plasmablast	p02	1	cell	P-MTAB-116471	P-MTAB-116472	P-MTAB-116473	Sample 36	PAIRED	PCR	TRANSCRIPTOMIC	not applicable	AMPLICON	5'-3'-3'-5'	P-MTAB-116474	Evrogen JSC	Sample 36	sequencing assay	ERX6994694	IM_p02_PBL_1_CGAGGCTG-TAGATCGC_L00M_R2_001.fastq.gz	IM_p02_PBL_1_CGAGGCTG-TAGATCGC_L00M_R2_001.fastq.gz	ERR7425596	ftp://ftp.sra.ebi.ac.uk/vol1/fastq/ERR742/006/ERR7425596/ERR7425596_2.fastq.gz	p02	plasmablast
Sample 37	ERS8953554	SAMEA11308693	IM	Homo sapiens	adult	39	year	EFO	UO_0000036	male	normal	peripheral blood	plasmablast	p02	3	cell	P-MTAB-116471	P-MTAB-116472	P-MTAB-116473	Sample 37	PAIRED	PCR	TRANSCRIPTOMIC	not applicable	AMPLICON	5'-3'-3'-5'	P-MTAB-116474	Evrogen JSC	Sample 37	sequencing assay	ERX6994695	IM_p02_PBL_3_CGAGGCTG-CTCTCTAT_L00M_R2_001.fastq.gz	IM_p02_PBL_3_CGAGGCTG-CTCTCTAT_L00M_R2_001.fastq.gz	ERR7425597	ftp://ftp.sra.ebi.ac.uk/vol1/fastq/ERR742/007/ERR7425597/ERR7425597_1.fastq.gz	p02	plasmablast
Sample 37	ERS8953554	SAMEA11308693	IM	Homo sapiens	adult	39	year	EFO	UO_0000036	male	normal	peripheral blood	plasmablast	p02	3	cell	P-MTAB-116471	P-MTAB-116472	P-MTAB-116473	Sample 37	PAIRED	PCR	TRANSCRIPTOMIC	not applicable	AMPLICON	5'-3'-3'-5'	P-MTAB-116474	Evrogen JSC	Sample 37	sequencing assay	ERX6994695	IM_p02_PBL_3_CGAGGCTG-CTCTCTAT_L00M_R1_001.fastq.gz	IM_p02_PBL_3_CGAGGCTG-CTCTCTAT_L00M_R1_001.fastq.gz	ERR7425597	ftp://ftp.sra.ebi.ac.uk/vol1/fastq/ERR742/007/ERR7425597/ERR7425597_2.fastq.gz	p02	plasmablast
Sample 41	ERS8953555	SAMEA11308694	IM	Homo sapiens	adult	39	year	EFO	UO_0000036	male	normal	peripheral blood	plasmablast	p03	1	cell	P-MTAB-116471	P-MTAB-116472	P-MTAB-116473	Sample 41	PAIRED	PCR	TRANSCRIPTOMIC	not applicable	AMPLICON	5'-3'-3'-5'	P-MTAB-116474	Evrogen JSC	Sample 41	sequencing assay	ERX6994696	IM_p03_PBL_1_GGACTCCT-ACTGCATA_L00M_R2_001.fastq.gz	IM_p03_PBL_1_GGACTCCT-ACTGCATA_L00M_R2_001.fastq.gz	ERR7425598	ftp://ftp.sra.ebi.ac.uk/vol1/fastq/ERR742/008/ERR7425598/ERR7425598_1.fastq.gz	p03	plasmablast
Sample 41	ERS8953555	SAMEA11308694	IM	Homo sapiens	adult	39	year	EFO	UO_0000036	male	normal	peripheral blood	plasmablast	p03	1	cell	P-MTAB-116471	P-MTAB-116472	P-MTAB-116473	Sample 41	PAIRED	PCR	TRANSCRIPTOMIC	not applicable	AMPLICON	5'-3'-3'-5'	P-MTAB-116474	Evrogen JSC	Sample 41	sequencing assay	ERX6994696	IM_p03_PBL_1_GGACTCCT-ACTGCATA_L00M_R1_001.fastq.gz	IM_p03_PBL_1_GGACTCCT-ACTGCATA_L00M_R1_001.fastq.gz	ERR7425598	ftp://ftp.sra.ebi.ac.uk/vol1/fastq/ERR742/008/ERR7425598/ERR7425598_2.fastq.gz	p03	plasmablast
Sample 42	ERS8953556	SAMEA11308695	IM	Homo sapiens	adult	39	year	EFO	UO_0000036	male	normal	peripheral blood	plasmablast	p03	2	cell	P-MTAB-116471	P-MTAB-116472	P-MTAB-116473	Sample 42	PAIRED	PCR	TRANSCRIPTOMIC	not applicable	AMPLICON	5'-3'-3'-5'	P-MTAB-116474	Evrogen JSC	Sample 42	sequencing assay	ERX6994697	IM_p03_PBL_2_TAGGCATG-ACTGCATA_L00M_R1_001.fastq.gz	IM_p03_PBL_2_TAGGCATG-ACTGCATA_L00M_R1_001.fastq.gz	ERR7425599	ftp://ftp.sra.ebi.ac.uk/vol1/fastq/ERR742/009/ERR7425599/ERR7425599_1.fastq.gz	p03	plasmablast
Sample 42	ERS8953556	SAMEA11308695	IM	Homo sapiens	adult	39	year	EFO	UO_0000036	male	normal	peripheral blood	plasmablast	p03	2	cell	P-MTAB-116471	P-MTAB-116472	P-MTAB-116473	Sample 42	PAIRED	PCR	TRANSCRIPTOMIC	not applicable	AMPLICON	5'-3'-3'-5'	P-MTAB-116474	Evrogen JSC	Sample 42	sequencing assay	ERX6994697	IM_p03_PBL_2_TAGGCATG-ACTGCATA_L00M_R2_001.fastq.gz	IM_p03_PBL_2_TAGGCATG-ACTGCATA_L00M_R2_001.fastq.gz	ERR7425599	ftp://ftp.sra.ebi.ac.uk/vol1/fastq/ERR742/009/ERR7425599/ERR7425599_2.fastq.gz	p03	plasmablast
Sample 46	ERS8953557	SAMEA11308696	IZ	Homo sapiens	adult	33	year	EFO	UO_0000036	male	normal	peripheral blood	plasmablast	p01	1	cell	P-MTAB-116471	P-MTAB-116472	P-MTAB-116473	Sample 46	PAIRED	PCR	TRANSCRIPTOMIC	not applicable	AMPLICON	5'-3'-3'-5'	P-MTAB-116474	Evrogen JSC	Sample 46	sequencing assay	ERX6994698	IZ_p01_PBL_1_CGAGGCTG-ACTGCATA_L00M_R1_001.fastq.gz	IZ_p01_PBL_1_CGAGGCTG-ACTGCATA_L00M_R1_001.fastq.gz	ERR7425600	ftp://ftp.sra.ebi.ac.uk/vol1/fastq/ERR742/000/ERR7425600/ERR7425600_1.fastq.gz	p01	plasmablast
Sample 46	ERS8953557	SAMEA11308696	IZ	Homo sapiens	adult	33	year	EFO	UO_0000036	male	normal	peripheral blood	plasmablast	p01	1	cell	P-MTAB-116471	P-MTAB-116472	P-MTAB-116473	Sample 46	PAIRED	PCR	TRANSCRIPTOMIC	not applicable	AMPLICON	5'-3'-3'-5'	P-MTAB-116474	Evrogen JSC	Sample 46	sequencing assay	ERX6994698	IZ_p01_PBL_1_CGAGGCTG-ACTGCATA_L00M_R2_001.fastq.gz	IZ_p01_PBL_1_CGAGGCTG-ACTGCATA_L00M_R2_001.fastq.gz	ERR7425600	ftp://ftp.sra.ebi.ac.uk/vol1/fastq/ERR742/000/ERR7425600/ERR7425600_2.fastq.gz	p01	plasmablast
Sample 50	ERS8953558	SAMEA11308697	IZ	Homo sapiens	adult	33	year	EFO	UO_0000036	male	normal	peripheral blood	plasmablast	p02	1	cell	P-MTAB-116471	P-MTAB-116472	P-MTAB-116473	Sample 50	PAIRED	PCR	TRANSCRIPTOMIC	not applicable	AMPLICON	5'-3'-3'-5'	P-MTAB-116474	Evrogen JSC	Sample 50	sequencing assay	ERX6994699	IZ_p02_PBL_1_GCTACGCT-AGAGTAGA_L00M_R1_001.fastq.gz	IZ_p02_PBL_1_GCTACGCT-AGAGTAGA_L00M_R1_001.fastq.gz	ERR7425601	ftp://ftp.sra.ebi.ac.uk/vol1/fastq/ERR742/001/ERR7425601/ERR7425601_1.fastq.gz	p02	plasmablast
Sample 50	ERS8953558	SAMEA11308697	IZ	Homo sapiens	adult	33	year	EFO	UO_0000036	male	normal	peripheral blood	plasmablast	p02	1	cell	P-MTAB-116471	P-MTAB-116472	P-MTAB-116473	Sample 50	PAIRED	PCR	TRANSCRIPTOMIC	not applicable	AMPLICON	5'-3'-3'-5'	P-MTAB-116474	Evrogen JSC	Sample 50	sequencing assay	ERX6994699	IZ_p02_PBL_1_GCTACGCT-AGAGTAGA_L00M_R2_001.fastq.gz	IZ_p02_PBL_1_GCTACGCT-AGAGTAGA_L00M_R2_001.fastq.gz	ERR7425601	ftp://ftp.sra.ebi.ac.uk/vol1/fastq/ERR742/001/ERR7425601/ERR7425601_2.fastq.gz	p02	plasmablast
Sample 51	ERS8953559	SAMEA11308698	IZ	Homo sapiens	adult	33	year	EFO	UO_0000036	male	normal	peripheral blood	plasmablast	p02	2	cell	P-MTAB-116471	P-MTAB-116472	P-MTAB-116473	Sample 51	PAIRED	PCR	TRANSCRIPTOMIC	not applicable	AMPLICON	5'-3'-3'-5'	P-MTAB-116474	Evrogen JSC	Sample 51	sequencing assay	ERX6994700	IZ_p02_PBL_2_GCTACGCT-GTAAGGAG_L00M_R2_001.fastq.gz	IZ_p02_PBL_2_GCTACGCT-GTAAGGAG_L00M_R2_001.fastq.gz	ERR7425602	ftp://ftp.sra.ebi.ac.uk/vol1/fastq/ERR742/002/ERR7425602/ERR7425602_1.fastq.gz	p02	plasmablast
Sample 51	ERS8953559	SAMEA11308698	IZ	Homo sapiens	adult	33	year	EFO	UO_0000036	male	normal	peripheral blood	plasmablast	p02	2	cell	P-MTAB-116471	P-MTAB-116472	P-MTAB-116473	Sample 51	PAIRED	PCR	TRANSCRIPTOMIC	not applicable	AMPLICON	5'-3'-3'-5'	P-MTAB-116474	Evrogen JSC	Sample 51	sequencing assay	ERX6994700	IZ_p02_PBL_2_GCTACGCT-GTAAGGAG_L00M_R1_001.fastq.gz	IZ_p02_PBL_2_GCTACGCT-GTAAGGAG_L00M_R1_001.fastq.gz	ERR7425602	ftp://ftp.sra.ebi.ac.uk/vol1/fastq/ERR742/002/ERR7425602/ERR7425602_2.fastq.gz	p02	plasmablast
Sample 56	ERS8953560	SAMEA11308699	IZ	Homo sapiens	adult	33	year	EFO	UO_0000036	male	normal	peripheral blood	plasmablast	p03	1	cell	P-MTAB-116471	P-MTAB-116472	P-MTAB-116473	Sample 56	PAIRED	PCR	TRANSCRIPTOMIC	not applicable	AMPLICON	5'-3'-3'-5'	P-MTAB-116474	Evrogen JSC	Sample 56	sequencing assay	ERX6994701	IZ_p03_PBL_1_CTCTCTAC-ACTGCATA_L00M_R1_001.fastq.gz	IZ_p03_PBL_1_CTCTCTAC-ACTGCATA_L00M_R1_001.fastq.gz	ERR7425603	ftp://ftp.sra.ebi.ac.uk/vol1/fastq/ERR742/003/ERR7425603/ERR7425603_1.fastq.gz	p03	plasmablast
Sample 56	ERS8953560	SAMEA11308699	IZ	Homo sapiens	adult	33	year	EFO	UO_0000036	male	normal	peripheral blood	plasmablast	p03	1	cell	P-MTAB-116471	P-MTAB-116472	P-MTAB-116473	Sample 56	PAIRED	PCR	TRANSCRIPTOMIC	not applicable	AMPLICON	5'-3'-3'-5'	P-MTAB-116474	Evrogen JSC	Sample 56	sequencing assay	ERX6994701	IZ_p03_PBL_1_CTCTCTAC-ACTGCATA_L00M_R2_001.fastq.gz	IZ_p03_PBL_1_CTCTCTAC-ACTGCATA_L00M_R2_001.fastq.gz	ERR7425603	ftp://ftp.sra.ebi.ac.uk/vol1/fastq/ERR742/003/ERR7425603/ERR7425603_2.fastq.gz	p03	plasmablast
Sample 57	ERS8953561	SAMEA11308700	IZ	Homo sapiens	adult	33	year	EFO	UO_0000036	male	normal	peripheral blood	plasmablast	p03	2	cell	P-MTAB-116471	P-MTAB-116472	P-MTAB-116473	Sample 57	PAIRED	PCR	TRANSCRIPTOMIC	not applicable	AMPLICON	5'-3'-3'-5'	P-MTAB-116474	Evrogen JSC	Sample 57	sequencing assay	ERX6994702	IZ_p03_PBL_2_CAGAGAGG-ACTGCATA_L00M_R1_001.fastq.gz	IZ_p03_PBL_2_CAGAGAGG-ACTGCATA_L00M_R1_001.fastq.gz	ERR7425604	ftp://ftp.sra.ebi.ac.uk/vol1/fastq/ERR742/004/ERR7425604/ERR7425604_1.fastq.gz	p03	plasmablast
Sample 57	ERS8953561	SAMEA11308700	IZ	Homo sapiens	adult	33	year	EFO	UO_0000036	male	normal	peripheral blood	plasmablast	p03	2	cell	P-MTAB-116471	P-MTAB-116472	P-MTAB-116473	Sample 57	PAIRED	PCR	TRANSCRIPTOMIC	not applicable	AMPLICON	5'-3'-3'-5'	P-MTAB-116474	Evrogen JSC	Sample 57	sequencing assay	ERX6994702	IZ_p03_PBL_2_CAGAGAGG-ACTGCATA_L00M_R2_001.fastq.gz	IZ_p03_PBL_2_CAGAGAGG-ACTGCATA_L00M_R2_001.fastq.gz	ERR7425604	ftp://ftp.sra.ebi.ac.uk/vol1/fastq/ERR742/004/ERR7425604/ERR7425604_2.fastq.gz	p03	plasmablast
Sample 6	ERS8953562	SAMEA11308701	AT	Homo sapiens	adult	23	year	EFO	UO_0000036	male	normal	peripheral blood	plasmablast	p02	1	cell	P-MTAB-116471	P-MTAB-116472	P-MTAB-116473	Sample 6	PAIRED	PCR	TRANSCRIPTOMIC	not applicable	AMPLICON	5'-3'-3'-5'	P-MTAB-116474	Evrogen JSC	Sample 6	sequencing assay	ERX6994703	AT_p02_PBL_1_GCTACGCT-TAGATCGC_L00M_R1_001.fastq.gz	AT_p02_PBL_1_GCTACGCT-TAGATCGC_L00M_R1_001.fastq.gz	ERR7425605	ftp://ftp.sra.ebi.ac.uk/vol1/fastq/ERR742/005/ERR7425605/ERR7425605_1.fastq.gz	p02	plasmablast
Sample 6	ERS8953562	SAMEA11308701	AT	Homo sapiens	adult	23	year	EFO	UO_0000036	male	normal	peripheral blood	plasmablast	p02	1	cell	P-MTAB-116471	P-MTAB-116472	P-MTAB-116473	Sample 6	PAIRED	PCR	TRANSCRIPTOMIC	not applicable	AMPLICON	5'-3'-3'-5'	P-MTAB-116474	Evrogen JSC	Sample 6	sequencing assay	ERX6994703	AT_p02_PBL_1_GCTACGCT-TAGATCGC_L00M_R2_001.fastq.gz	AT_p02_PBL_1_GCTACGCT-TAGATCGC_L00M_R2_001.fastq.gz	ERR7425605	ftp://ftp.sra.ebi.ac.uk/vol1/fastq/ERR742/005/ERR7425605/ERR7425605_2.fastq.gz	p02	plasmablast
Sample 61	ERS8953563	SAMEA11308702	MRK	Homo sapiens	adult	27	year	EFO	UO_0000036	male	normal	peripheral blood	plasmablast	p01	1	cell	P-MTAB-116471	P-MTAB-116472	P-MTAB-116473	Sample 61	PAIRED	PCR	TRANSCRIPTOMIC	not applicable	AMPLICON	5'-3'-3'-5'	P-MTAB-116474	Evrogen JSC	Sample 61	sequencing assay	ERX6994704	MRK_p01_PBL_1_CGAGGCTG-AAGGAGTA_L00M_R1_001.fastq.gz	MRK_p01_PBL_1_CGAGGCTG-AAGGAGTA_L00M_R1_001.fastq.gz	ERR7425606	ftp://ftp.sra.ebi.ac.uk/vol1/fastq/ERR742/006/ERR7425606/ERR7425606_1.fastq.gz	p01	plasmablast
Sample 61	ERS8953563	SAMEA11308702	MRK	Homo sapiens	adult	27	year	EFO	UO_0000036	male	normal	peripheral blood	plasmablast	p01	1	cell	P-MTAB-116471	P-MTAB-116472	P-MTAB-116473	Sample 61	PAIRED	PCR	TRANSCRIPTOMIC	not applicable	AMPLICON	5'-3'-3'-5'	P-MTAB-116474	Evrogen JSC	Sample 61	sequencing assay	ERX6994704	MRK_p01_PBL_1_CGAGGCTG-AAGGAGTA_L00M_R2_001.fastq.gz	MRK_p01_PBL_1_CGAGGCTG-AAGGAGTA_L00M_R2_001.fastq.gz	ERR7425606	ftp://ftp.sra.ebi.ac.uk/vol1/fastq/ERR742/006/ERR7425606/ERR7425606_2.fastq.gz	p01	plasmablast
Sample 65	ERS8953564	SAMEA11308703	MRK	Homo sapiens	adult	27	year	EFO	UO_0000036	male	normal	peripheral blood	plasmablast	p02	1	cell	P-MTAB-116471	P-MTAB-116472	P-MTAB-116473	Sample 65	PAIRED	PCR	TRANSCRIPTOMIC	not applicable	AMPLICON	5'-3'-3'-5'	P-MTAB-116474	Evrogen JSC	Sample 65	sequencing assay	ERX6994705	MRK_p02_PBL_1_CGAGGCTG-TATCCTCT_L00M_R1_001.fastq.gz	MRK_p02_PBL_1_CGAGGCTG-TATCCTCT_L00M_R1_001.fastq.gz	ERR7425607	ftp://ftp.sra.ebi.ac.uk/vol1/fastq/ERR742/007/ERR7425607/ERR7425607_1.fastq.gz	p02	plasmablast
Sample 65	ERS8953564	SAMEA11308703	MRK	Homo sapiens	adult	27	year	EFO	UO_0000036	male	normal	peripheral blood	plasmablast	p02	1	cell	P-MTAB-116471	P-MTAB-116472	P-MTAB-116473	Sample 65	PAIRED	PCR	TRANSCRIPTOMIC	not applicable	AMPLICON	5'-3'-3'-5'	P-MTAB-116474	Evrogen JSC	Sample 65	sequencing assay	ERX6994705	MRK_p02_PBL_1_CGAGGCTG-TATCCTCT_L00M_R2_001.fastq.gz	MRK_p02_PBL_1_CGAGGCTG-TATCCTCT_L00M_R2_001.fastq.gz	ERR7425607	ftp://ftp.sra.ebi.ac.uk/vol1/fastq/ERR742/007/ERR7425607/ERR7425607_2.fastq.gz	p02	plasmablast
Sample 66	ERS8953565	SAMEA11308704	MRK	Homo sapiens	adult	27	year	EFO	UO_0000036	male	normal	peripheral blood	plasmablast	p02	3	cell	P-MTAB-116471	P-MTAB-116472	P-MTAB-116473	Sample 66	PAIRED	PCR	TRANSCRIPTOMIC	not applicable	AMPLICON	5'-3'-3'-5'	P-MTAB-116474	Evrogen JSC	Sample 66	sequencing assay	ERX6994706	MRK_p02_PBL_3_CGAGGCTG-AGAGTAGA_L00M_R2_001.fastq.gz	MRK_p02_PBL_3_CGAGGCTG-AGAGTAGA_L00M_R2_001.fastq.gz	ERR7425608	ftp://ftp.sra.ebi.ac.uk/vol1/fastq/ERR742/008/ERR7425608/ERR7425608_1.fastq.gz	p02	plasmablast
Sample 66	ERS8953565	SAMEA11308704	MRK	Homo sapiens	adult	27	year	EFO	UO_0000036	male	normal	peripheral blood	plasmablast	p02	3	cell	P-MTAB-116471	P-MTAB-116472	P-MTAB-116473	Sample 66	PAIRED	PCR	TRANSCRIPTOMIC	not applicable	AMPLICON	5'-3'-3'-5'	P-MTAB-116474	Evrogen JSC	Sample 66	sequencing assay	ERX6994706	MRK_p02_PBL_3_CGAGGCTG-AGAGTAGA_L00M_R1_001.fastq.gz	MRK_p02_PBL_3_CGAGGCTG-AGAGTAGA_L00M_R1_001.fastq.gz	ERR7425608	ftp://ftp.sra.ebi.ac.uk/vol1/fastq/ERR742/008/ERR7425608/ERR7425608_2.fastq.gz	p02	plasmablast
Sample 67	ERS8953566	SAMEA11308705	MRK	Homo sapiens	adult	27	year	EFO	UO_0000036	male	normal	peripheral blood	plasmablast	p02	4	cell	P-MTAB-116471	P-MTAB-116472	P-MTAB-116473	Sample 67	PAIRED	PCR	TRANSCRIPTOMIC	not applicable	AMPLICON	5'-3'-3'-5'	P-MTAB-116474	Evrogen JSC	Sample 67	sequencing assay	ERX6994707	MRK_p02_PBL_4_CGAGGCTG-GTAAGGAG_L00M_R1_001.fastq.gz	MRK_p02_PBL_4_CGAGGCTG-GTAAGGAG_L00M_R1_001.fastq.gz	ERR7425609	ftp://ftp.sra.ebi.ac.uk/vol1/fastq/ERR742/009/ERR7425609/ERR7425609_1.fastq.gz	p02	plasmablast
Sample 67	ERS8953566	SAMEA11308705	MRK	Homo sapiens	adult	27	year	EFO	UO_0000036	male	normal	peripheral blood	plasmablast	p02	4	cell	P-MTAB-116471	P-MTAB-116472	P-MTAB-116473	Sample 67	PAIRED	PCR	TRANSCRIPTOMIC	not applicable	AMPLICON	5'-3'-3'-5'	P-MTAB-116474	Evrogen JSC	Sample 67	sequencing assay	ERX6994707	MRK_p02_PBL_4_CGAGGCTG-GTAAGGAG_L00M_R2_001.fastq.gz	MRK_p02_PBL_4_CGAGGCTG-GTAAGGAG_L00M_R2_001.fastq.gz	ERR7425609	ftp://ftp.sra.ebi.ac.uk/vol1/fastq/ERR742/009/ERR7425609/ERR7425609_2.fastq.gz	p02	plasmablast
Sample 73	ERS8953567	SAMEA11308706	MRK	Homo sapiens	adult	27	year	EFO	UO_0000036	male	normal	peripheral blood	plasmablast	p03	1	cell	P-MTAB-116471	P-MTAB-116472	P-MTAB-116473	Sample 73	PAIRED	PCR	TRANSCRIPTOMIC	not applicable	AMPLICON	5'-3'-3'-5'	P-MTAB-116474	Evrogen JSC	Sample 73	sequencing assay	ERX6994708	MRK_p03_PBL_1_CTCTCTAC-AAGGAGTA_L00M_R2_001.fastq.gz	MRK_p03_PBL_1_CTCTCTAC-AAGGAGTA_L00M_R2_001.fastq.gz	ERR7425610	ftp://ftp.sra.ebi.ac.uk/vol1/fastq/ERR742/000/ERR7425610/ERR7425610_1.fastq.gz	p03	plasmablast
Sample 73	ERS8953567	SAMEA11308706	MRK	Homo sapiens	adult	27	year	EFO	UO_0000036	male	normal	peripheral blood	plasmablast	p03	1	cell	P-MTAB-116471	P-MTAB-116472	P-MTAB-116473	Sample 73	PAIRED	PCR	TRANSCRIPTOMIC	not applicable	AMPLICON	5'-3'-3'-5'	P-MTAB-116474	Evrogen JSC	Sample 73	sequencing assay	ERX6994708	MRK_p03_PBL_1_CTCTCTAC-AAGGAGTA_L00M_R1_001.fastq.gz	MRK_p03_PBL_1_CTCTCTAC-AAGGAGTA_L00M_R1_001.fastq.gz	ERR7425610	ftp://ftp.sra.ebi.ac.uk/vol1/fastq/ERR742/000/ERR7425610/ERR7425610_2.fastq.gz	p03	plasmablast
Sample 74	ERS8953568	SAMEA11308707	MRK	Homo sapiens	adult	27	year	EFO	UO_0000036	male	normal	peripheral blood	plasmablast	p03	2	cell	P-MTAB-116471	P-MTAB-116472	P-MTAB-116473	Sample 74	PAIRED	PCR	TRANSCRIPTOMIC	not applicable	AMPLICON	5'-3'-3'-5'	P-MTAB-116474	Evrogen JSC	Sample 74	sequencing assay	ERX6994709	MRK_p03_PBL_2_CTCTCTAC-CTAAGCCT_L00M_R1_001.fastq.gz	MRK_p03_PBL_2_CTCTCTAC-CTAAGCCT_L00M_R1_001.fastq.gz	ERR7425611	ftp://ftp.sra.ebi.ac.uk/vol1/fastq/ERR742/001/ERR7425611/ERR7425611_1.fastq.gz	p03	plasmablast
Sample 74	ERS8953568	SAMEA11308707	MRK	Homo sapiens	adult	27	year	EFO	UO_0000036	male	normal	peripheral blood	plasmablast	p03	2	cell	P-MTAB-116471	P-MTAB-116472	P-MTAB-116473	Sample 74	PAIRED	PCR	TRANSCRIPTOMIC	not applicable	AMPLICON	5'-3'-3'-5'	P-MTAB-116474	Evrogen JSC	Sample 74	sequencing assay	ERX6994709	MRK_p03_PBL_2_CTCTCTAC-CTAAGCCT_L00M_R2_001.fastq.gz	MRK_p03_PBL_2_CTCTCTAC-CTAAGCCT_L00M_R2_001.fastq.gz	ERR7425611	ftp://ftp.sra.ebi.ac.uk/vol1/fastq/ERR742/001/ERR7425611/ERR7425611_2.fastq.gz	p03	plasmablast
Sample 79	ERS8953569	SAMEA11308708	MT	Homo sapiens	adult	27	year	EFO	UO_0000036	female	normal	peripheral blood	plasmablast	p03	1	cell	P-MTAB-116471	P-MTAB-116472	P-MTAB-116473	Sample 79	PAIRED	PCR	TRANSCRIPTOMIC	not applicable	AMPLICON	5'-3'-3'-5'	P-MTAB-116474	Evrogen JSC	Sample 79	sequencing assay	ERX6994710	MT_p03_PBL_1_AAGAGGCA-ACTGCATA_L00M_R1_001.fastq.gz	MT_p03_PBL_1_AAGAGGCA-ACTGCATA_L00M_R1_001.fastq.gz	ERR7425612	ftp://ftp.sra.ebi.ac.uk/vol1/fastq/ERR742/002/ERR7425612/ERR7425612_1.fastq.gz	p03	plasmablast
Sample 79	ERS8953569	SAMEA11308708	MT	Homo sapiens	adult	27	year	EFO	UO_0000036	female	normal	peripheral blood	plasmablast	p03	1	cell	P-MTAB-116471	P-MTAB-116472	P-MTAB-116473	Sample 79	PAIRED	PCR	TRANSCRIPTOMIC	not applicable	AMPLICON	5'-3'-3'-5'	P-MTAB-116474	Evrogen JSC	Sample 79	sequencing assay	ERX6994710	MT_p03_PBL_1_AAGAGGCA-ACTGCATA_L00M_R2_001.fastq.gz	MT_p03_PBL_1_AAGAGGCA-ACTGCATA_L00M_R2_001.fastq.gz	ERR7425612	ftp://ftp.sra.ebi.ac.uk/vol1/fastq/ERR742/002/ERR7425612/ERR7425612_2.fastq.gz	p03	plasmablast
Sample 80	ERS8953570	SAMEA11308709	MT	Homo sapiens	adult	27	year	EFO	UO_0000036	female	normal	peripheral blood	plasmablast	p03	2	cell	P-MTAB-116471	P-MTAB-116472	P-MTAB-116473	Sample 80	PAIRED	PCR	TRANSCRIPTOMIC	not applicable	AMPLICON	5'-3'-3'-5'	P-MTAB-116474	Evrogen JSC	Sample 80	sequencing assay	ERX6994711	MT_p03_PBL_2_GTAGAGGA-ACTGCATA_L00M_R2_001.fastq.gz	MT_p03_PBL_2_GTAGAGGA-ACTGCATA_L00M_R2_001.fastq.gz	ERR7425613	ftp://ftp.sra.ebi.ac.uk/vol1/fastq/ERR742/003/ERR7425613/ERR7425613_1.fastq.gz	p03	plasmablast
Sample 80	ERS8953570	SAMEA11308709	MT	Homo sapiens	adult	27	year	EFO	UO_0000036	female	normal	peripheral blood	plasmablast	p03	2	cell	P-MTAB-116471	P-MTAB-116472	P-MTAB-116473	Sample 80	PAIRED	PCR	TRANSCRIPTOMIC	not applicable	AMPLICON	5'-3'-3'-5'	P-MTAB-116474	Evrogen JSC	Sample 80	sequencing assay	ERX6994711	MT_p03_PBL_2_GTAGAGGA-ACTGCATA_L00M_R1_001.fastq.gz	MT_p03_PBL_2_GTAGAGGA-ACTGCATA_L00M_R1_001.fastq.gz	ERR7425613	ftp://ftp.sra.ebi.ac.uk/vol1/fastq/ERR742/003/ERR7425613/ERR7425613_2.fastq.gz	p03	plasmablast
Sample 14	ERS8953571	SAMEA11308710	D01	Homo sapiens	adult	27	year	EFO	UO_0000036	female	normal	peripheral blood	B cell	p01	1	cell	P-MTAB-116471	P-MTAB-116472	P-MTAB-116473	Sample 14	PAIRED	PCR	TRANSCRIPTOMIC	not applicable	AMPLICON	5'-3'-3'-5'	P-MTAB-116474	Evrogen JSC	Sample 14	sequencing assay	ERX6994712	D01_p01_Btot_1_CAGAGAGG-AGAGTAGA_L00M_R1_001.fastq.gz	D01_p01_Btot_1_CAGAGAGG-AGAGTAGA_L00M_R1_001.fastq.gz	ERR7425614	ftp://ftp.sra.ebi.ac.uk/vol1/fastq/ERR742/004/ERR7425614/ERR7425614_1.fastq.gz	p01	B cell
Sample 14	ERS8953571	SAMEA11308710	D01	Homo sapiens	adult	27	year	EFO	UO_0000036	female	normal	peripheral blood	B cell	p01	1	cell	P-MTAB-116471	P-MTAB-116472	P-MTAB-116473	Sample 14	PAIRED	PCR	TRANSCRIPTOMIC	not applicable	AMPLICON	5'-3'-3'-5'	P-MTAB-116474	Evrogen JSC	Sample 14	sequencing assay	ERX6994712	D01_p01_Btot_1_CAGAGAGG-AGAGTAGA_L00M_R2_001.fastq.gz	D01_p01_Btot_1_CAGAGAGG-AGAGTAGA_L00M_R2_001.fastq.gz	ERR7425614	ftp://ftp.sra.ebi.ac.uk/vol1/fastq/ERR742/004/ERR7425614/ERR7425614_2.fastq.gz	p01	B cell
Sample 15	ERS8953572	SAMEA11308711	D01	Homo sapiens	adult	27	year	EFO	UO_0000036	female	normal	peripheral blood	B cell	p01	2	cell	P-MTAB-116471	P-MTAB-116472	P-MTAB-116473	Sample 15	PAIRED	PCR	TRANSCRIPTOMIC	not applicable	AMPLICON	5'-3'-3'-5'	P-MTAB-116474	Evrogen JSC	Sample 15	sequencing assay	ERX6994713	D01_p01_Btot_2_AAGAGGCA-AGAGTAGA_L00M_R2_001.fastq.gz	D01_p01_Btot_2_AAGAGGCA-AGAGTAGA_L00M_R2_001.fastq.gz	ERR7425615	ftp://ftp.sra.ebi.ac.uk/vol1/fastq/ERR742/005/ERR7425615/ERR7425615_1.fastq.gz	p01	B cell
Sample 15	ERS8953572	SAMEA11308711	D01	Homo sapiens	adult	27	year	EFO	UO_0000036	female	normal	peripheral blood	B cell	p01	2	cell	P-MTAB-116471	P-MTAB-116472	P-MTAB-116473	Sample 15	PAIRED	PCR	TRANSCRIPTOMIC	not applicable	AMPLICON	5'-3'-3'-5'	P-MTAB-116474	Evrogen JSC	Sample 15	sequencing assay	ERX6994713	D01_p01_Btot_2_AAGAGGCA-AGAGTAGA_L00M_R1_001.fastq.gz	D01_p01_Btot_2_AAGAGGCA-AGAGTAGA_L00M_R1_001.fastq.gz	ERR7425615	ftp://ftp.sra.ebi.ac.uk/vol1/fastq/ERR742/005/ERR7425615/ERR7425615_2.fastq.gz	p01	B cell

